No,Judul,Link Produk
0,Cara Daftar dan Jualan di lynk id ,https://youtu.be/kNmhsxB_rA0
0,Banner + Template Reels + Copywriting,https://drive.google.com/file/d/1ixwIQZHe2bkB-oEI36p1srIWM5BR8EdT/view?usp=drive_link
1,50 Excel Financial Templates,https://drive.google.com/file/d/168t2XPN2hZRV6QRAClHCKs2cbUxCq1ln/view
2,48 Buku Cerita B.Inggris Bisa Diedit,https://drive.google.com/file/d/13J6yOoiUiIwp7sK2r-13zI36zKQuV9_9/view
3,19 Excel Sheets for Teachers & Students,https://drive.google.com/file/d/1XbG5Mkpbje2wiR1zBSMPR30A59eGj8LG/view
4,15 Template Resume Professional,https://drive.google.com/file/d/1kpgSFR44GkoBQ7SHosnzikj0tUZXTL-g/view
5,96+ Beginning Sounds Educational Bundle,https://drive.google.com/drive/folders/1wWs9yp2bH9fHiX7xD0UrSvWAOBVWVsrb
6,999+ Template Excel Campur Sari,https://drive.google.com/file/d/18-eU0otcvhlFr2ob9lAkyVMrVuCp0BVa/view
7,20+ Finance Social Media Posts,https://www.canva.com/design/DAGSSKhRum0/sesUclbzYyTSUDrktkYrHQ/view?utm_content=DAGSSKhRum0&utm_campaign=designshare&utm_medium=link&utm_source=publishsharelink&mode=preview
8,70+ Worksheet Belajar Baca B.Inggris Untuk Anak,https://drive.google.com/drive/folders/1hg_-b2xUUqvXdoXQ9MbM3XoxeX5l1HDj
9,82 Halaman Template Ebook & Majalah,https://www.canva.com/design/DAGWhWbP_SI/Q-sKDZpbPIYXWchZNz_IfA/view?utm_content=DAGWhWbP_SI&utm_campaign=designshare&utm_medium=link&utm_source=publishsharelink&mode=preview
10,1000 Ide Produk Digital,https://drive.google.com/file/d/1sMifdrNxyrhe6LAdsHoP1fVVNtHwsLC4/view
11,30 Day Printable Guided Journal,https://www.canva.com/design/DAF5WZVv0nM/go92BvPmu7PxUcNyoIeoDg/view?utm_content=DAF5WZVv0nM&utm_campaign=designshare&utm_medium=link&utm_source=publishsharelink&mode=preview
12,8 Lifestyle Google Sheet Bundle,https://drive.google.com/drive/folders/1Go2yMHMEIArDxzFTJiPR9uBo5-arV-Sh
13,300 Template Desain Berbagai Tema PPT,https://drive.google.com/file/d/1bk2pGVOknLDSbxWM7W2ft1nklnI4TJPe/view
14,130 Template Produk Digital Elementor,https://drive.google.com/file/d/1xyrCLJxl_mXTeFuSsK1A3TOHGhGqbo3p/view
15,300 Template Konten Medsos Canva,https://drive.google.com/file/d/1YXpsdZNRgzKCYO2-lOyTl2UJA2axY6md/view
16,45+ Halaman Aktivitas Natal Untuk Anak,https://www.canva.com/design/DAF1m0ImRBc/rBH2tWdVElGp1jeIZUJOXw/view?utm_content=DAF1m0ImRBc&utm_campaign=designshare&utm_medium=link&utm_source=publishsharelink&mode=preview
17,49+ Mewarnai Alfabet Bundle,https://drive.google.com/drive/folders/13Bb6SGaqDwQNOhkiFvuBBvdU00taA1Mf
18,Digital Product Planner,https://www.canva.com/design/DAF6wFMUePY/upE6FHcgPob7BJxcwEHC6A/view?utm_content=DAF6wFMUePY&utm_campaign=designshare&utm_medium=link&utm_source=publishsharelink&mode=preview
19,Printable Tracker Bundle,https://www.canva.com/design/DAF6ofd2VF8/tCWxG--lrOXH3OB-fPuv1w/view?utm_content=DAF6ofd2VF8&utm_campaign=designshare&utm_medium=link&utm_source=publishsharelink&mode=preview
20,"Daily Life Planner, Digital Planner",https://www.canva.com/design/DAF7atJsoMs/o7tGSgLb_9rtbSgiXYJ7_w/view?utm_content=DAF7atJsoMs&utm_campaign=designshare&utm_medium=link&utm_source=publishsharelink&mode=preview
21,General Business Instagram Templates,https://www.canva.com/design/DAF1Oav2n4g/UNF1DnHV9F5e5ibHBlwBMA/view?utm_content=DAF1Oav2n4g&utm_campaign=designshare&utm_medium=link&utm_source=publishsharelink&mode=preview
22,Printable Shopify Planner,https://www.canva.com/design/DAF4708i2XU/RlS9v39_R257dX7U80dK1w/view?utm_content=DAF4708i2XU&utm_campaign=designshare&utm_medium=link&utm_source=publishsharelink&mode=preview
23,Family Financial Planner,https://www.canva.com/design/DAF2r5CaBmI/m-z8rixX_JZyA60o09e72A/view?utm_content=DAF2r5CaBmI&utm_campaign=designshare&utm_medium=link&utm_source=publishsharelink&mode=preview
24,Printable Weight Loss Journal,https://www.canva.com/design/DAF4-yM1MXk/rOVgqsdD7UWRuG5ZBWUDFw/view?utm_content=DAF4-yM1MXk&utm_campaign=designshare&utm_medium=link&utm_source=publishsharelink&mode=preview
25,Social Media post planer,https://www.canva.com/design/DAF9hS21aLg/8qQqjqye0aNblDkX9oAt7g/view?utm_content=DAF9hS21aLg&utm_campaign=designshare&utm_medium=link&utm_source=publishsharelink&mode=preview
26,Buku Aktivitas dan Mewarnai Hari Cinta,https://www.canva.com/design/DAF74rDpwYg/UnFue53hhH5_hOzFTGNM3w/view?utm_content=DAF74rDpwYg&utm_campaign=designshare&utm_medium=link&utm_source=publishsharelink&mode=preview
27,Buku Mewarnai Kaus Kaki & Pohon Lampu,https://www.canva.com/design/DAF2ceFPD64/W57_IJYNTwofA6bO7urcZA/view?utm_content=DAF2ceFPD64&utm_campaign=designshare&utm_medium=link&utm_source=publishsharelink&mode=preview
28,Printable Wedding Planner,https://www.canva.com/design/DAGECiBeCXs/qIkE2ptYi1xql-dV0ga6NA/view?utm_content=DAGECiBeCXs&utm_campaign=designshare&utm_medium=link&utm_source=publishsharelink&mode=preview
29,Template Buku Fisik Kirim Ke Penerbit,https://docs.google.com/document/d/1RkP3iRj2izBH_tTKgDal7Lg-JZ4qrhV1/edit#heading=h.gjdgxs
30,Stunning Nature Videos Reels,https://www.canva.com/design/DAGNwT5b3H4/_Q95p_aOd0LnFcujy0FNfA/view?utm_content=DAGNwT5b3H4&utm_campaign=designshare&utm_medium=link&utm_source=publishsharelink&mode=preview
31,118 Template PPT Idul Fitri Paket 1 & 2,https://drive.google.com/file/d/17p_83Vs16czlva8jqn9pUwRecFlZ9Bum/view
32,50 Template Pernikahan Paket 1 Elementor,https://drive.google.com/file/d/1DmXAe94_Of-GESRBrxEOG_PSDaTyB8dJ/view?usp=sharing
33,50 Template Pernikahan Paket 2 Elementor,https://drive.google.com/file/d/1_aA8NCp06Ua10vbq9OHiPkIatzJcwzu2/view?usp=sharing
34,500 Template Pernikahan PPT,https://drive.google.com/file/d/1iX17Ybyw9XEFqaRpaU2TWHERp6c7wqTF/view?usp=sharing
35,30 Template Anniversary Canva,https://drive.google.com/file/d/19NfqTkLfsgu41zMr9FPe0A3hZXrPfDVT/view?usp=sharing
36,36 Template Video Display PPT,https://drive.google.com/file/d/1xW1Vkul_ntUAcQyW0r0FuUJW4Rn7lVW-/view?usp=sharing
37,144 Template Cover Story Feed Thumb PPT,https://drive.google.com/file/d/1Nqvz6GFg4m1T4F7nRliK4UuXhoglXGVi/view?usp=sharing
38,140 Template Microblog PPT,https://drive.google.com/file/d/1EqldtyYhMDkvkpm5gs3QKBZKVpPuLoBZ/view?usp=sharing
39,29 Template Puzzle Grid PPT,https://drive.google.com/file/d/1cnUSRkOdtiwe8kaf81ZBKTuDOsQ7YScV/view?usp=sharing
40,220 Template Marketframe PPT,https://drive.google.com/file/d/1tHP4F-nHjufDmx0ge6AkUlRMiW8ltsRN/view?usp=sharing
41,170 Template Quotes Black White PPT,https://drive.google.com/file/d/1HepWuo3wDoRFRKLjmXk7ZJpKao6ARXBR/view?usp=sharing
42,90 Template Cover Box PPT,https://drive.google.com/file/d/1dSBjkhMcYxpdcaEnRyAOgU_wru0UOo5W/view?usp=sharing
43,66 Template Desain Instagram PPT,https://drive.google.com/file/d/1Bj51qpl06_ArTAh4jaet4GUMpztlNNzy/view?usp=sharing
44,50 Template PPT HUT RI,https://drive.google.com/file/d/1AFithho0FVt5VwgG0_KrselAlN2kpcZP/view?usp=sharing
45,47 Template Fashion & Affiliate Elementor,https://drive.google.com/file/d/1GFrerOFTKY8rSJE2hKmUQGZkIsuHTLn5/view?usp=sharing
46,100 Template Pernikahan Paket 3 Elementor,https://drive.google.com/file/d/1JeWhHFwawBr3AvK1vZutN0cIMzt07yOV/view?usp=sharing
47,70 Template Pernikahan Paket 4 Elementor,https://drive.google.com/file/d/1BDvysCbjk-qSfekvMqhUB_iRuC6qJhSs/view?usp=sharing
48,100 Template Pernikahan Paket 5 Elementor,https://drive.google.com/file/d/1sM9rAQ-gxOkCYjcQEv893QhXAXAGeV2a/view?usp=sharing
49,100 Template Aqiqah Elementor,https://drive.google.com/file/d/16gHfyxv_UeTAcJcjcPLlmq3-SWqCH15H/view?usp=sharing
50,70 Template Wisuda Elementor,https://drive.google.com/file/d/1L_QXImsFekuPGfmCtV1VbtK1yMu_qEmA/view?usp=sharing
51,110 Template Pernikahan Canva,https://drive.google.com/file/d/1YyCcWeFxH2eGcSSAo52djHqbdkKq9RYs/view?usp=sharing
52,Template Qurban PPT & Elementor,https://drive.google.com/file/d/1UuFndslpclqZg0bwd-ng4Q1BEDNSqaxE/view?usp=sharing
53,Bright Luxury Instagram Stories,https://drive.google.com/file/d/1nODH3DqDkuXdsX9mS6FpLLAuu5V5XWFs/view?usp=sharing
54,50 Template Anniversary PPT,https://drive.google.com/file/d/1zeFtA709VzMkJlm14pnEKPCvKQRS-iGu/view?usp=sharing
55,131 Template Ramadhan Paket 2 PPT,https://drive.google.com/file/d/1dgIopaNyoELYXVJp_MQpL56_AvVxJ700/view?usp=sharing
56,300 Template Ramadhan Paket 3 PPT,https://drive.google.com/file/d/1r6hkIM873XVym6eeEFv7qfVREMI1tLtx/view?usp=sharing
57,40 Reel Covers,https://drive.google.com/file/d/1FbuG46OduPoEOpDoC0AUffgHN6gFnhsw/view?usp=sharing
58,150 Template Idul Fitri PPT,https://mega.nz/file/ZHlyUC5A#zJpNtpW727ffGzNLDFoOmb3wdg_a2Sq3Gq41xcaVQ30
59,Video & Ebook Belajar Membangun Leads,https://drive.google.com/file/d/1y5v1cvAWnW-x7-w0Dj9cehJkK7F75HHn/view?usp=sharing
60,Video Belajar Cara Rekaman,https://drive.google.com/file/d/1LEEMpkQZ6aQQ33Z9McnTKtvXM4iyouT1/view?usp=sharing
61,Video Belajar Strategi Online Marketing,https://drive.google.com/file/d/18QF-LsELAOVRnxaneDIP_7KljiXUVQCU/view?usp=sharing
62,Konten Edukasi dan Promosi,https://drive.google.com/file/d/1LLkn_BTmPyw5jXZS_jT7_D_5mlC9OKjO/view?usp=sharing
63,Video Belajar Kolam Prospek Telegram,https://drive.google.com/file/d/1vdFnjm96nHuecmjl15kmRebQn1riAQAO/view?usp=sharing
64,70 Template Qurban Paket 2 PPT,https://drive.google.com/file/d/1WTge4OC1mCeA6UscZ6wb5s9TKNlcV9si/view?usp=sharing
65,Konten Motivasi & Inspiratif,https://drive.google.com/file/d/1wHDX3CkFgXqn0hopLnCdJLpS4g3TQYkx/view?usp=sharing
66,331 Template Icon PPT,https://drive.google.com/file/d/16dyIfKXDIfZ_xYkYoCuFfv6o6rgBJXPD/view?usp=sharing
67,64 Template Logo PPT,https://drive.google.com/file/d/1kPLL8OBd1RpNmfOCI6E4dbaM3NZBDOUL/view?usp=sharing
68,105 Template Background PPT,https://drive.google.com/file/d/13U1LybBXg7E2-Wcp7BCp5R9I24dimkS2/view?usp=sharing
69,121 Template Banner PPT,https://drive.google.com/file/d/1LaVDiWvyqOo-WQIv1dcYGrxeio3_2x61/view?usp=sharing
70,05 Template Banner Berbagai Tema PPT,https://drive.google.com/file/d/1qw_6vKflltaJPjmilw6fpPUVBv25Tx77/view?usp=sharing
71,E-book Cara Berjualan di WhatsApp,https://drive.google.com/file/d/1OQPjDaI1rUjCCQJ-GDn8AHajeJNMiTPR/view?usp=sharing
72,50 Template Berbagai Niche Elementor,https://drive.google.com/file/d/1nCCMpe04kxC-NPB7YkAVGGg_CME-eSFG/view?usp=sharing
73,70 Template HUT RI Paket 2 PPT,https://drive.google.com/file/d/10N8T-EoYm0XXt039tK3Sq_odq_zhzxDD/view?usp=sharing
74,70 Template HUT RI Paket 3 PPT,https://drive.google.com/file/d/1WnDwZlSmJOCNg7GaSNY1sTWgdL9ExFXB/view?usp=sharing
75,500 Template Ramadhan Paket 4 PPT,https://drive.google.com/file/d/1UminWYq6vp85ZFppIVR1lIS5QNPKcdUM/view?usp=sharing
76,Video Belajar List Building Mastery,https://drive.google.com/file/d/1Fj_GYNTEQiCkeAK1xfCbA09VXYmUX9Mh/view?usp=sharing
77,Template Personal Branding PPT,https://drive.google.com/file/d/1S8izExZd1ea9Wg6XtCUa0ZWzALeOFAYa/view?usp=drive_link
78,Presentation & Infografis Template PPT,https://drive.google.com/file/d/1Y4rctHrXSTRFlhboKtD1Qgg0lafK2BS9/view?usp=drive_link
79,Mindfulness Social Media Bundle,https://drive.google.com/file/d/1ypnONIkv5v3Bf0bjXWCDsZZkUixn00wW/view?usp=sharing
80,Ebook Leads Generation,https://drive.google.com/file/d/1y3tfIxob02EOmRGj6VgizMLAZ4O-hn1I/view?usp=drive_link
81,Ebook Melipatgandakan Konversi Iklan Bisnis,https://drive.google.com/file/d/1hVfUWZsepxkIlgkjm1KuO0lawTJkyLbF/view?usp=drive_link
82,Membangun Lifestyle Bisnis,https://drive.google.com/file/d/1UGSblLn_4KZ7pvSKm1V458-MS_U4zHRy/view?usp=drive_link
83,Video Belajar Personal Branding,https://drive.google.com/file/d/1qdUunX76Do2NcGKNioHsZsAzEyifarwU/view?usp=drive_link
84,Video Belajar Cara Membuat Web,https://drive.google.com/file/d/1Qp1aSGGMryJ9FQ1jglwtzYJb0Xuz_SbD/view?usp=drive_link
85,Ebook Time Priority,https://drive.google.com/file/d/1idKJ7Xqptm_EwOGVeGHuTqqPDTTd2D2S/view?usp=drive_link
86,Kelas Business Mastery,https://drive.google.com/file/d/1MeYs0xusD-N0jIWusg992ANmN8MOr8Yi/view?usp=drive_link
87,Video Belajar Mini Offer Formula,https://drive.google.com/file/d/1A9rnEAu5lolFE-E1YYT9rXwiM9bwpV-y/view?usp=sharing
88,Ebook Social Media Marketing,https://drive.google.com/file/d/1ZzTGaQZziAQxo_hnwJItEPYi780ef3_x/view?usp=drive_link
89,Ebook Viral Marketing,https://drive.google.com/file/d/1COaR5ha-lTdVIMPoLfHmEwIEC19Z2Ma5/view?usp=drive_link
90,Ebook Magic Hook,https://drive.google.com/file/d/1YsuO8FWwUx-T7VoppBamfA442m93U8oj/view?usp=sharing
91,Work From Home Busy Mom,https://drive.google.com/file/d/165o7SWa5NXJqbTjQGizUn2fFjAD4ETm4/view?usp=sharing
92,Template Promosi Inkscape,https://drive.google.com/file/d/12Q4LxLO6o_rK1WhI7h6CrWNsGEa6LHb5/view?usp=drive_link
93,Video Belajar Formation Hashtag Instagram,https://drive.google.com/file/d/1e9wihCv226jz1llyjMdTmmXxKRkaperE/view?usp=drive_link
94,Video Belajar Hashtag Instagram,https://drive.google.com/file/d/1gSLEIL5452PoIXyvSSDh-Mb8EcYdef4-/view?usp=drive_link
95,Video Belajar SEO Instagram,https://drive.google.com/file/d/13eQxv6phHuk3VjuROVhrs7pMW11l3ze3/view?usp=drive_link
96,Video Belajar Strategi Followers Instagram,https://drive.google.com/file/d/1Od51E4jyfI_609YXw2jdXF8AohgfOzEf/view?usp=drive_link
97,Video Belajar Strategy Instagram,https://drive.google.com/file/d/1XQ_1KQePkbQmDM9-jJ8xIYo2UiDIg0v-/view?usp=drive_link
98,Tema WordPress TemaToko Insta,https://drive.google.com/file/d/1yDwPDH6ccPFfkt_nM4wJZZhGyZN1JUPc/view?usp=sharing
99,Tema WordPress TemaToko Food,https://drive.google.com/file/d/14-lp79h16gIUt5A1RJBGdDUb1FaIy6g5/view?usp=sharing
100,Tema WordPress TemaToko Tiktok,https://drive.google.com/file/d/1P6qed8MyA9VuPxmHgv-BaYLBzw6uaNGp/view?usp=sharing
101,Video Belajar Mahir Website,https://drive.google.com/file/d/1FGQJCYKDDqAYY9eBJ0wPZiH5K_TAFSXn/view?usp=sharing
102,Video Belajar Mahir Affiliate,https://drive.google.com/file/d/1AZx2GYR_EOsw9OhCM2rBs_wd4yBBJjqw/view?usp=sharing
103,Video Belajar Mahir Email,https://drive.google.com/file/d/1xZfpd-XXuKYQtFX_bW7BQA3BGBkIH8na/view?usp=sharing
104,Video Belajar Mahir Telegram,https://drive.google.com/file/d/1T61JdzBY1NHxL1EAxLAXEark2ZJE48dq/view?usp=sharing
105,Video Belajar Mahir WhatsApp,https://drive.google.com/file/d/1dys8bT3LOS6uRPD-oGXYRbJkzsaYpIyN/view?usp=sharing
106,Video Belajar Mahir Facebook,https://drive.google.com/file/d/1NYtTDCZgWJxfc0ndu-lmYsMRv_h3VmK1/view?usp=sharing
107,Video Belajar Mahir Instagram,https://drive.google.com/file/d/1Wm-trWdpdvezbKCLFLMdwtk7FqUFlfIi/view?usp=sharing
108,Video Belajar Mahir Membership,https://drive.google.com/file/d/1Ie7d-z7mSupv1-u3jeXBBMFFqvdkVviO/view?usp=sharing
109,Video Belajar Mahir Copywriting,https://drive.google.com/file/d/1V5q1EoFL_Rk1963zS9xl2FZlqX6h7QKo/view?usp=drive_link
110,Video Belajar Mahir Landing Page,https://drive.google.com/file/d/17DMDNYkQ_H0qyet3r2OjCI6vpFshcrD7/view?usp=drive_link
111,Video Belajar Mahir Lead Magnet,https://drive.google.com/file/d/1-C4eA4MsaYOmeTKfiQiYf7rWnpQAY7w-/view?usp=drive_link
112,Video Belajar Mahir Online Marketing,https://drive.google.com/file/d/1Zqup816hstrDAb-EamnYK7z3QqJGIGw1/view?usp=drive_link
113,Video Belajar Mahir FB Ads,https://drive.google.com/file/d/1GPX6IW4R_-FoO_6VWRdzmee-xgYh5Roc/view?usp=drive_link
114,Video Belajar Mahir Salespage,https://drive.google.com/file/d/1SYFTzhBscKi_vvUEpgGE_BHrEjDLJJ19/view?usp=drive_link
115,Video Belajar Mahir Desain Profit,https://drive.google.com/file/d/1nsHvtGkXOUtciPHyWCE_beaz82qi3xPF/view?usp=drive_link
116,Video Belajar Mahir Traffic,https://drive.google.com/file/d/1Q2UUusvstRDAE7v1cvTp3xTK-uqKlgSK/view?usp=drive_link
117,Video Belajar Mahir Branding,https://drive.google.com/file/d/1SPO4LIYxnqdTWO4h6_QshJXG55oxZAk2/view?usp=drive_link
118,30 Motivational Aesthetic Reels,https://drive.google.com/file/d/1KIpRJENJjFXVX8nIzzq2Km0cQ127hpL4/view?usp=sharing
119,Video Belajar Mahir Instan Leads,https://drive.google.com/file/d/1SVpw1Udq01HnxwQOvaWZhNiU3ZJ3J3Qv/view?usp=drive_link
120,Video Belajar Mahir Funnel,https://drive.google.com/file/d/1wAvyyH8SHL5VDQnYQ6rhKw_pzh0gKq6S/view?usp=drive_link
121,Video Belajar Mahir Email Profits,https://drive.google.com/file/d/1y-yrYl1hFDBbnUIOOIpzkT4bSxchazca/view?usp=drive_link
122,Template Konten Planner,https://drive.google.com/file/d/1efzgbojDiS6lEYTsB-kxrXaV-eSpuwci/view
123,6.000+ Faceless Aesthetic Video,https://drive.google.com/drive/u/0/folders/1hWAQsLJbbQ-FAr4Zxqt60qeI6Tz3yixO
124,100 Ide Produk Digital,https://drive.google.com/file/d/1u8spE1IuXvVA19Ms4mjLy6DzxTgh7Vsj/view
125,100 Template Cetak Undangan Nikah,https://drive.google.com/drive/u/0/folders/1JcSgFbhs2kmBEjgbi_ESbtT2tEJGydCl
126,50 Template Video Ulang Tahun,https://drive.google.com/drive/u/0/folders/1xq8TkGMEY0qy_AyBJ0Y9S19vhtz1iLMk
127,50 Template Video Wisuda,https://drive.google.com/drive/u/0/folders/1xq8TkGMEY0qy_AyBJ0Y9S19vhtz1iLMk
128,30 Template Ucapan Ramadhan,https://drive.google.com/drive/folders/1RzK6Q9HAxvAWQPwO5x-Idt9d1D2jWgxM
129,40+ Template Video Animasi,https://drive.google.com/drive/u/0/folders/1GWXGOBHZpx8VXT0Hm9B3AE7N7qhfeRPd
130,20 Template Video Ucapan Lebaran 2025,https://drive.google.com/drive/u/0/folders/16BAJwIPQkt-6YUGFdz4MK8-e8yxFTX9P
131,50 ECourse Digital Marketing,https://drive.google.com/drive/u/0/folders/17prCtQGij_EGh_6sCjZvhlnvgOX_KijI
132,Video Editing Effect,https://drive.google.com/drive/folders/1H9kXxwun58nJjTHZ_6_WYvVknLiMP2KP
133,Ratusan Resume Template,https://drive.google.com/drive/folders/1OWwiaAS1naR-j3Vo1kKP2TCAHsPYc8JI
134,13 Ebook Super Premium,https://drive.google.com/drive/folders/1TRGviauAMVKY8TlEjjKsSFNbsn2MMlvB
135,13 Bundle Desain Percetakan Lengkap,https://drive.google.com/drive/folders/1_4Sv5M_4yl9N8QICsSJ2Ryc7dOKS54n1
136,200.000+ ChatGPT Prompts,https://drive.google.com/drive/folders/1-Uz2PCVLBGlzrdkUQjF02kIhlJp3hbsc
137,30+ Template Excel Keuangan,https://drive.google.com/drive/u/0/folders/1yraIhY95kdjWejFkavKXoCCdAOcLbePG
138,3000+ Konten Video Siap Pakai,https://drive.google.com/drive/folders/1Op0ORdkNxrBsAomDGU2AI8dsxeRM801E
139,1000+ Template Canva,https://drive.google.com/file/d/1bWkauricYEg2QvuwCkyf15Sa53zXygrN/view
140,100+ Template CV by Canva ,https://www.canva.com/design/DAGOptlSBCk/PO8lsdEbkDuFgDZjWDIGOA/view?utm_content=DAGOptlSBCk&utm_campaign=designshare&utm_medium=link&utm_source=publishsharelink&mode=preview
141,Ultimate Notion Bundle,https://drive.google.com/drive/folders/1u__Kd7YRR6PzFmr2P5u1zbSJWspVYADZ
142,Ribuan Template Presentasi PPT,https://drive.google.com/drive/folders/1GdrBVh7wPP5NQrZrxYOgo9vibfSojD1A
143,190+ Template Video Undangan Nikah ,https://drive.google.com/drive/u/0/folders/1Ev3wPygDnrgYHfT4rg02tnBlfcTV7QyY
144,999+ Template Desain Sosmed,https://drive.google.com/file/d/1nzNOptmXWXt-YZmR5-FTHtClOTAoJD06/view
145,3000+ Template Desain Promosi,https://drive.google.com/file/d/1K8g52R0dzE75jBY5l7pVk7wJEfBrxq26/view?usp=drive_link
146,Template Konten Planner ,https://drive.google.com/file/d/1efzgbojDiS6lEYTsB-kxrXaV-eSpuwci/view
147,1000+ Faceless Aesthetic Video ,https://drive.google.com/file/d/1CBqGjv9PT-f52MOB-_DVogMJd8ZSJ7kI/view?usp=drive_link
148,"1000+ Ide Konten Jualan
",https://docs.google.com/spreadsheets/d/1tyfEXEbXFllq09m9jHJE655_G_1PT-mq1IPEmKH0HFc/edit?usp=sharing
149,1000+ Viral Konten Masakan,https://drive.google.com/drive/folders/1-REUiM9hIxCSmwzl9IObN1hI7efsYIs4
150,39.000+ Printable Kegiatan Anak,https://drive.google.com/drive/folders/1xsQ7LMcDhzeIsjdnAJ3XbKW8IO72G8ue?usp=drive_link
151,70+ Template JSON BIOLINK,https://drive.google.com/drive/u/0/folders/1r25eV7PW9Z1Sz1Y3M4S14WFVgQRO7KZQ
152,Plugin Notify Pro + Bonus,https://drive.google.com/drive/folders/1FcKAVMO4tH1EamSZtO1IGp2FBLtouCBW?usp=drive_link
153,Mahir Landingpage,https://drive.google.com/drive/folders/19FOqFoGzCY0ioB4YPLbM_zfOT9yd8PpD
154,Optimasi Shopee Affiliate,https://www.youtube.com/watch?v=rsT_pfTocfY
155,Mahir Canva,https://drive.google.com/drive/folders/13jxp3oytV9jRoT93k03H0rFNcyGo8uUK
156,Mahir FB Pro,https://drive.google.com/drive/u/0/folders/1-3QwsLBeF4Uld5mmAU_VhQ9v0bFJvZxQ
157,Mahir Meta Ads / FB Ads,https://drive.google.com/drive/folders/1XfIHEom2zjwkjsCF_mMm5FdrPh7CQmgm
158,Mahir Instagram Hack,https://drive.google.com/drive/folders/1Jv7hC5jg0C2PiDf5FKwob6z3Rs9ELQhB
159,Mahir Tiktok Ads,https://drive.google.com/drive/folders/1lmoiG-QxvEqiRWK0ji6Ggy4ouC3tZy3e?usp=drive_link
160,Mahir Whatsapp Marketing,https://drive.google.com/drive/folders/1PRiEOjYCwxoSl-SS8qelK5bPEJz1Q7gA
161,Mahir Membuat EBook Dengan ChatGPT,https://drive.google.com/file/d/1KQtn9kNG3dGENKetOmHFKjzoT7lbamjG/view
162,100 Ide Produk Digital,https://drive.google.com/file/d/1u8spE1IuXvVA19Ms4mjLy6DzxTgh7Vsj/view
163,150+ Rumus Excel Kantoran,https://drive.google.com/drive/u/0/folders/1ujltt9vsSJv_9g7sPh1CEAb6AQVLTwl3
164,1300+ Video Konten Sepakbola,https://drive.google.com/drive/folders/1utfUcZH-Ld69p4RgWC1a0KYL3tHQgfw6
165,10 Template Bisnis Instagram Post,https://drive.google.com/file/d/1u6fsy6FyYY-EDWYSaTuWTEgc_htMgWYW/view?usp=sharing
166,Kumpulan Ebook Novel,https://drive.google.com/drive/folders/1ZS-DCvwtD2SIG9g4jmKZRRagjRxu-y0Y
167,100 Template Pernikahan Paket 3 Elementor,https://drive.google.com/drive/folders/1pwtsATslRX23IdT9x43WZxycoxRbZCbZ?usp=sharing
168,100 Template Pernikahan Paket 5 Elementor,https://drive.google.com/file/d/1sM9rAQ-gxOkCYjcQEv893QhXAXAGeV2a/view?usp=sharing
169,100 Template Ulang Tahun Elementor,https://drive.google.com/drive/folders/1X0dqz9PjzcySXu4EhL8Aflycc9Iih4ht?usp=sharing
170,1000 Ide Produk Digital,https://drive.google.com/file/d/1sMifdrNxyrhe6LAdsHoP1fVVNtHwsLC4/view
171,105 Done For You Instagram Post Templates,https://drive.google.com/drive/folders/1mqU4mxgFrH8gnF25Avibh1Glk4dkWKEJ?usp=sharing
172,105 Template Background PPT,https://drive.google.com/drive/folders/1UitHoPqKGsjVw_RKLABQwE1YxVBfdRMW?usp=sharing
173,105 Template Banner Berbagai Tema PPT,https://drive.google.com/drive/folders/1jMJ1jvPfGb6pnBTcRsnf2Pq1h0yBE23j?usp=sharing
174,110 Template Pernikahan Canva,https://drive.google.com/file/d/1YyCcWeFxH2eGcSSAo52djHqbdkKq9RYs/view?usp=sharing
175,500 Resep Masakan Koleksi Kursus Masak Ny.Liem,https://drive.google.com/file/d/1uax827nTXws-Bn1MVHa0P0p0qVtb0hGo/view?usp=drivesdk
176,120 Template Produk Digital Canva,https://drive.google.com/drive/folders/1tvb2mG2tkI1asFhfLTui299pMvclodIh?usp=sharing
177,12000 Worksheet Printable Anak,https://drive.google.com/file/d/1JKYcdo-YgzwBZ-5QCY9XwgMiSZ5xhSUE/view?usp=sharing
178,121 Template Banner PPT,https://drive.google.com/drive/folders/16Kugwae2R6i1fUyag7y4ogeYLeeZie04?usp=sharing
179,130 Template Produk Digital Elementor,https://drive.google.com/file/d/1xyrCLJxl_mXTeFuSsK1A3TOHGhGqbo3p/view
180,131 Template Ramadhan Paket 2 PPT,https://drive.google.com/file/d/1dgIopaNyoELYXVJp_MQpL56_AvVxJ700/view?usp=sharing
181,140 Template Microblog PPT,https://drive.google.com/file/d/1EqldtyYhMDkvkpm5gs3QKBZKVpPuLoBZ/view?usp=sharing
182,144 Template Cover Story Feed Thumb PPT,https://drive.google.com/drive/folders/1LAP7-mVRMbCAXDmtN0TI-oRKLebJOH7C?usp=sharing
183,15 Fitness & Instagram Posts,https://drive.google.com/file/d/1n-ZYUR8UOdBulFFJNobqdhG72DeHzcuz/view?usp=sharing
184,15 Template Resume Professional,https://drive.google.com/file/d/1kpgSFR44GkoBQ7SHosnzikj0tUZXTL-g/view
185,150 Template Idul Fitri PPT,https://mega.nz/file/ZHlyUC5A#zJpNtpW727ffGzNLDFoOmb3wdg_a2Sq3Gq41xcaVQ30
186,170 Template Quotes Black White PPT,https://drive.google.com/file/d/1HepWuo3wDoRFRKLjmXk7ZJpKao6ARXBR/view?usp=sharing
187,19 Excel Sheets for Teachers & Students,https://drive.google.com/file/d/1XbG5Mkpbje2wiR1zBSMPR30A59eGj8LG/view
188,20+ Finance Social Media Posts,https://www.canva.com/design/DAGSSKhRum0/sesUclbzYyTSUDrktkYrHQ/view?utm_content=DAGSSKhRum0&utm_campaign=designshare&utm_medium=link&utm_source=publishsharelink&mode=preview
189,220 Template Desain Feed PPT,https://drive.google.com/drive/folders/1Jc3-1zTbv9K8VjithaqitnvX3YISB4JU?usp=sharing
190,220 Template Marketframe PPT,https://drive.google.com/file/d/1tHP4F-nHjufDmx0ge6AkUlRMiW8ltsRN/view?usp=sharing
191,25 Buku Cerita Anak B.Indonesia Lainnya,https://drive.google.com/drive/folders/1vscjgnj0wwRR_vosKfKpOmJGGUbbhUDU?usp=sharing
192,29 Template Puzzle Grid PPT,https://drive.google.com/file/d/1cnUSRkOdtiwe8kaf81ZBKTuDOsQ7YScV/view?usp=sharing
193,30 Day Printable Guided Journal,https://drive.google.com/file/d/19QK17geBaKm9w6kJV3FH3EC0wIMcU2we/view?usp=sharing
194,30 Motivational Aesthetic Reels,https://drive.google.com/file/d/1KIpRJENJjFXVX8nIzzq2Km0cQ127hpL4/view?usp=sharing
195,30 Template Anniversary Canva,https://drive.google.com/file/d/19NfqTkLfsgu41zMr9FPe0A3hZXrPfDVT/view?usp=sharing
196,300 Template Desain Berbagai Tema PPT,https://drive.google.com/file/d/1bk2pGVOknLDSbxWM7W2ft1nklnI4TJPe/view
197,300 Template Konten Medsos Canva,https://drive.google.com/file/d/1YXpsdZNRgzKCYO2-lOyTl2UJA2axY6md/view
198,300 Template Ramadhan Paket 3 PPT,https://drive.google.com/drive/folders/11PVrBOGkNvf9PxBwYfrU0Tv1-NR9clK0?usp=sharing
199,331 Template Icon PPT,https://drive.google.com/file/d/16dyIfKXDIfZ_xYkYoCuFfv6o6rgBJXPD/view?usp=sharing
200,36 Template Video Display PPT,https://drive.google.com/file/d/1xW1Vkul_ntUAcQyW0r0FuUJW4Rn7lVW-/view?usp=sharing
201,40 Reel Covers,https://drive.google.com/file/d/1FbuG46OduPoEOpDoC0AUffgHN6gFnhsw/view?usp=sharing
202,41 Template Testimoni PPT,https://drive.google.com/drive/folders/1h63aU4K7Y3Uh4wTso_e9PyXBN4qLSp8c?usp=sharing
203,45+ Halaman Aktivitas Natal Untuk Anak,https://www.canva.com/design/DAF1m0ImRBc/rBH2tWdVElGp1jeIZUJOXw/view?utm_content=DAF1m0ImRBc&utm_campaign=designshare&utm_medium=link&utm_source=publishsharelink&mode=preview
204,47 Template Fashion & Affiliate Elementor,https://drive.google.com/file/d/1GFrerOFTKY8rSJE2hKmUQGZkIsuHTLn5/view?usp=sharing
205,48 Buku Cerita B.Inggris Bisa Diedit,https://drive.google.com/file/d/13J6yOoiUiIwp7sK2r-13zI36zKQuV9_9/view?usp=sharing
206,49+ Mewarnai Alfabet Bundle,https://drive.google.com/drive/folders/13Bb6SGaqDwQNOhkiFvuBBvdU00taA1Mf
207,50 Excel Financial Templates,https://drive.google.com/file/d/168t2XPN2hZRV6QRAClHCKs2cbUxCq1ln/view?usp=sharing
208,50 Template Anniversary PPT,https://drive.google.com/file/d/1zeFtA709VzMkJlm14pnEKPCvKQRS-iGu/view?usp=sharing
209,50 Template Berbagai Niche Elementor,https://drive.google.com/file/d/1nCCMpe04kxC-NPB7YkAVGGg_CME-eSFG/view?usp=sharing
210,50 Template Biolink Canva,https://drive.google.com/drive/folders/1PX4NQ2inSluCsrmjH0bfkR7k7GgKdmMi?usp=sharing
211,50 Template Pernikahan Paket 1 Elementor,https://drive.google.com/file/d/1DmXAe94_Of-GESRBrxEOG_PSDaTyB8dJ/view?usp=sharing
212,50 Template Pernikahan Paket 2 Elementor,https://drive.google.com/file/d/1_aA8NCp06Ua10vbq9OHiPkIatzJcwzu2/view?usp=sharing
213,50 Template PPT HUT RI,https://drive.google.com/file/d/1AFithho0FVt5VwgG0_KrselAlN2kpcZP/view?usp=sharing
214,500 Template Pernikahan PPT,https://drive.google.com/file/d/1iX17Ybyw9XEFqaRpaU2TWHERp6c7wqTF/view?usp=sharing
215,500 Template Ramadhan Paket 1 PPT,https://drive.google.com/drive/folders/1RFIjz2AHWJ2firW21VdPGexjOzuGiyTk?usp=sharing
216,500 Template Ramadhan Paket 4 PPT,https://drive.google.com/file/d/1UminWYq6vp85ZFppIVR1lIS5QNPKcdUM/view?usp=sharing
217,64 Template Logo PPT,https://drive.google.com/file/d/1kPLL8OBd1RpNmfOCI6E4dbaM3NZBDOUL/view?usp=sharing
218,66 Template Desain Instagram PPT,https://drive.google.com/file/d/1Bj51qpl06_ArTAh4jaet4GUMpztlNNzy/view?usp=sharing
219,70 Template HUT RI Paket 2 PPT,https://drive.google.com/drive/folders/1D6tmJkNQJeTvaHWwvSBwwmYzjYtE-_d5?usp=sharing
220,70 Template HUT RI Paket 3 PPT,https://drive.google.com/file/d/1WnDwZlSmJOCNg7GaSNY1sTWgdL9ExFXB/view?usp=sharing
221,70 Template Insta Viral Frame,https://drive.google.com/drive/folders/1OwtZHy3r290TT9vJ2TvNzG6DsRRoPgg3?usp=sharing
222,70 Template Pernikahan Paket 4 Elementor,https://drive.google.com/drive/folders/1I3mSO80sZWZiSVn8SN9f1gjYKbczwFuB?usp=sharing
223,70 Template Qurban Paket 2 PPT,https://drive.google.com/file/d/1WTge4OC1mCeA6UscZ6wb5s9TKNlcV9si/view?usp=sharing
224,70 Template Wisuda Elementor,https://drive.google.com/file/d/1L_QXImsFekuPGfmCtV1VbtK1yMu_qEmA/view?usp=sharing
225,70+ Worksheet Belajar Baca B.Inggris Untuk Anak,https://drive.google.com/drive/folders/1hg_-b2xUUqvXdoXQ9MbM3XoxeX5l1HDj
226,8 Lifestyle Google Sheet Bundle,https://drive.google.com/drive/folders/1Go2yMHMEIArDxzFTJiPR9uBo5-arV-Sh
227,82 Halaman Template Ebook & Majalah,https://www.canva.com/design/DAGWhWbP_SI/Q-sKDZpbPIYXWchZNz_IfA/view?utm_content=DAGWhWbP_SI&utm_campaign=designshare&utm_medium=link&utm_source=publishsharelink&mode=preview
228,90 Template Cover Box PPT,https://drive.google.com/file/d/1dSBjkhMcYxpdcaEnRyAOgU_wru0UOo5W/view?usp=sharing
229,96 Template Desain Banner PPT,https://drive.google.com/drive/folders/1RsmBXBri5s-e3TAtJQZZr8xnun63XbYH?usp=sharing
230,96+ Beginning Sounds Educational Bundle,https://drive.google.com/drive/folders/1wWs9yp2bH9fHiX7xD0UrSvWAOBVWVsrb
231,999+ Template Excel Campur Sari,https://drive.google.com/file/d/18-eU0otcvhlFr2ob9lAkyVMrVuCp0BVa/view
232,Amazing Emerald Themed Social Media Templates,https://drive.google.com/file/d/1zDRMtwBmH_qBxgF7ILyNKsI9d9FNKeLp/view?usp=sharing
233,Beginning Sounds Educational Bundle,https://drive.google.com/drive/folders/1wWs9yp2bH9fHiX7xD0UrSvWAOBVWVsrb?usp=sharing
234,Bright Luxury Instagram Stories,https://drive.google.com/file/d/1nODH3DqDkuXdsX9mS6FpLLAuu5V5XWFs/view?usp=sharing
235,Buku Aktivitas Balita,https://drive.google.com/file/d/1AtnelJsWVLczCInnTCTVfUXaNcitsywk/view?usp=sharing
236,Buku Aktivitas dan Mewarnai Hari Cinta,https://www.canva.com/design/DAF74rDpwYg/UnFue53hhH5_hOzFTGNM3w/view?utm_content=DAF74rDpwYg&utm_campaign=designshare&utm_medium=link&utm_source=publishsharelink&mode=preview
237,Buku Aktivitas Natal Untuk Anak,https://drive.google.com/drive/folders/1QFAe6UcDI5hAoy-utowDks9iGjzQ096S?usp=sharing
238,Buku Cerita Anak: Aman Dari Api,https://drive.google.com/drive/folders/1sNDrt1vXS66PIGLXUlKnjNOlX6xCPFUA?usp=sharing
239,Buku Cerita Anak: Bermain Magnet,https://drive.google.com/drive/folders/1-Z4w1CijVSyHjorAljIOcocnqdO_K3x6?usp=sharing
240,Buku Cerita Anak: Bintang Jatuh dan Kosmik,https://drive.google.com/drive/folders/1KijLc3FKIgynBgKXJFncU2XoODF3UYIU?usp=sharing
241,Buku Cerita Anak: Energi Terbarukan,https://drive.google.com/drive/folders/1CxNFf7LoG8hkM8Rz_NixVJEeSZg3szX7?usp=sharing
242,Buku Cerita Anak: Gempa Bumi,https://drive.google.com/drive/folders/1PnzEixdoPYs-GzrRgNwbkSktyggl4Siv?usp=sharing
243,Buku Cerita Anak: Gerhana Bulan,https://drive.google.com/drive/folders/1Vd_jfEBrMIsIPHxxMlJKtE6C-J6EiEco?usp=sharing
244,Buku Cerita Anak: Gerhana Matahari,https://drive.google.com/drive/folders/1ul1VZyHx_msH8AhrOd9k-5Ps4mEtl1Eo?usp=sharing
245,Buku Cerita Anak: Ka’Bah di Mekah,https://drive.google.com/drive/folders/1MnMMKkD-5QRUhfwQNMLH-Jmy6rMlfcH1?usp=sharing
246,Buku Cerita Anak: Keajaiban Cuaca,https://drive.google.com/drive/folders/1wADxv37YCznT6Xq_9N0--sJxBSg84Sj3?usp=sharing
247,Buku Cerita Anak: Mari Beraksi,https://drive.google.com/drive/folders/1JC129PaIOQWZSy5Ei5BPtZzWPAYRCqzC?usp=sharing
248,Buku Cerita Anak: Mari Daur Ulang,https://drive.google.com/drive/folders/1gnwRrrFg2EGeA7Tq61_HvcxnlAztdY_k?usp=sharing
249,Buku Cerita Anak: Memahami Banjir,https://drive.google.com/drive/folders/1__mdy2OgeLrk09V_RIPyd1eMhpU79z_3?usp=sharing
250,Buku Cerita Anak: Menjelajahi Gunung Api,https://drive.google.com/drive/folders/1xgiQ28VM--vMN-LvMmimAQFi3kec7lwb?usp=sharing
251,Buku Cerita Anak: Misteri Mikroba,https://drive.google.com/drive/folders/1ja6eqiOAUU7ttTC8h5wbMyiDURAGDmg0?usp=sharing
252,Buku Cerita Anak: Petualangan di Lautan,https://drive.google.com/drive/folders/1V-7aDsOdst6a1HSgb0ObUd6SZ_0isSj1?usp=sharing
253,Buku Cerita Anak: Rumah Hewan,https://drive.google.com/drive/folders/1XYaIoOz5yheYOJ7xBV2VbsVzXRJYkX5U?usp=sharing
254,Buku Cerita Anak: Siang dan Malam,https://drive.google.com/drive/folders/1Rs9Chl3VrHyWIu388BG65KkZ-sEmu6rw?usp=sharing
255,Buku Cerita Anak: Siklus Air,https://drive.google.com/drive/folders/1z3XSe8iutd-PmK7XGL1sA36qCDh538PC?usp=sharing
256,Buku Cerita Anak: Siklus Hidup Tanaman,https://drive.google.com/drive/folders/1WhN-v6Y7OVmCoQOvJX14mhgmlQrOVc93?usp=sharing
257,Buku Cerita Anak: Sungai Amazon,https://drive.google.com/drive/folders/1_hOzOw1DXSy-pQITLXhcDFLCAQF1xyCc?usp=sharing
258,Buku Cerita Anak: Tenggelam atau Mengambang,https://drive.google.com/drive/folders/1hehJYLnAWtRlTK8MdIXASrLYkNI23F4u?usp=sharing
259,Buku Cerita Anak: Tsunami Si Gelombang Raksasa,https://drive.google.com/drive/folders/1SwiUyR4eqkk9wgu2XN1wkH9lk_m19Por?usp=sharing
260,Buku Mewarnai Bundle Untuk Anak,https://drive.google.com/drive/folders/1TEsRaa-5YJUZ3eJI-K586An9SWLQbC1P?usp=sharing
261,Buku Mewarnai Easter,https://drive.google.com/drive/folders/1TkaQVgjG3eVrHtA_e31cKXCENEMhC15z?usp=sharing
262,Buku Mewarnai Haloween,https://drive.google.com/drive/folders/1_NYlwqJuKjAGDNbdTOdbhoR_o7labkTA?usp=sharing
263,Buku Mewarnai Kaus Kaki & Pohon Lampu,https://drive.google.com/drive/folders/1VOoFP1quckSoVFSseaQRrsy2r1Ld5XS_?usp=sharing
264,Buku Mewarnai Kaus Kaki & Pohon Lampu,https://www.canva.com/design/DAF2ceFPD64/W57_IJYNTwofA6bO7urcZA/view?utm_content=DAF2ceFPD64&utm_campaign=designshare&utm_medium=link&utm_source=publishsharelink&mode=preview
265,Buku Mewarnai Mother’s Day,https://drive.google.com/drive/folders/1xE3g8NpmQxyQ2CWOEQvda21D-ZmkjOM5?usp=sharing
266,Calming Your Mind Journal,https://drive.google.com/file/d/10jhfd6lZNbHx20v8XGJfrzeUG6gafuM2/view?usp=sharing
267,"Daily Life Planner, Digital Planner",https://drive.google.com/drive/folders/1M48mDMMcKC6lKaZ48rLwB53Lar7bBE-Y?usp=sharing
268,Dark & Moody Done For You Social Media Posts,https://drive.google.com/file/d/1GrErRKFXjU00zu-eirharT7R15fyX_T1/view?usp=sharing
269,Design Your Life Instagram Stories,https://drive.google.com/drive/folders/1yXaJr7nmTd6H9DTRqP3_Nw8sVhDMyBga?usp=sharing
270,Digital Product Planner,https://drive.google.com/drive/folders/12w5tEYfhbGHC-5E9kQevn7GZ1SeLZw-8?usp=sharing
271,Digital Product Planner,https://www.canva.com/design/DAF6wFMUePY/upE6FHcgPob7BJxcwEHC6A/view?utm_content=DAF6wFMUePY&utm_campaign=designshare&utm_medium=link&utm_source=publishsharelink&mode=preview
272,E-book Cara Berjualan di WhatsApp,https://drive.google.com/file/d/1OQPjDaI1rUjCCQJ-GDn8AHajeJNMiTPR/view?usp=sharing
273,Ebook 1000 Ide Produk Digital,https://drive.google.com/file/d/1sMifdrNxyrhe6LAdsHoP1fVVNtHwsLC4/view?usp=sharing
274,"Ebook Belajar Jualan di Facebook
",https://drive.google.com/drive/folders/1PVu4UtvpD9KlWtZg9aY4xAbDM4Z_OD2a?usp=sharing
275,Ebook Cara Berjualan di WhatsApp,https://drive.google.com/drive/folders/1VjAwNsUwcdTjFUZZOpVs9sgk2ZDcCdtM?usp=sharing
276,Ebook Leads Generation,https://drive.google.com/file/d/1y3tfIxob02EOmRGj6VgizMLAZ4O-hn1I/view?usp=drive_link
277,Ebook Melipatgandakan Konversi Iklan Bisnis,https://drive.google.com/file/d/1hVfUWZsepxkIlgkjm1KuO0lawTJkyLbF/view?usp=drive_link
278,Ebook Social Media Marketing,https://drive.google.com/file/d/1ZzTGaQZziAQxo_hnwJItEPYi780ef3_x/view?usp=drive_link
279,Ebook Time Priority,https://drive.google.com/file/d/1idKJ7Xqptm_EwOGVeGHuTqqPDTTd2D2S/view?usp=drive_link
280,Ebook Viral Marketing,https://drive.google.com/file/d/1COaR5ha-lTdVIMPoLfHmEwIEC19Z2Ma5/view?usp=drive_link
281,Ebook Work From Home Busy Mom,https://drive.google.com/file/d/165o7SWa5NXJqbTjQGizUn2fFjAD4ETm4/view?usp=sharing
282,Excel Sheets for Teachers & Students,https://drive.google.com/file/d/1XbG5Mkpbje2wiR1zBSMPR30A59eGj8LG/view?usp=sharing
283,Faceless Reels Bundle,https://drive.google.com/file/d/1_LX_S1DdlSSX0_u66Bh5vkOKDL69KXz9/view?usp=sharing
284,Family Financial Planner,https://drive.google.com/file/d/1WJyea4rU4WdE5SYJ3rTsYijbmYCh-fI_/view?usp=sharing
285,Finance Social Media Posts,https://drive.google.com/file/d/16HuWl-mvFungdoELAbluo2m370APizjM/view?usp=sharing
286,Fitness Printable Bundle,https://drive.google.com/file/d/1U9RfTIr25Y91biSCre8KETlXGI6ad6fB/view?usp=sharing
287,General Business Instagram Templates,https://www.canva.com/design/DAF1Oav2n4g/UNF1DnHV9F5e5ibHBlwBMA/view?utm_content=DAF1Oav2n4g&utm_campaign=designshare&utm_medium=link&utm_source=publishsharelink&mode=preview
288,Household Manager Notion Template,https://drive.google.com/file/d/1-1ypy5qENVNc6_eoFX7YyitXS6Pmvm-q/view?usp=sharing
289,Jurnal Kehamilan,https://drive.google.com/file/d/1I-KTlsmYVcnFCkpgIdhtl7klAxFBRcFx/view?usp=sharing
290,Kelas Business Mastery,https://drive.google.com/file/d/1MeYs0xusD-N0jIWusg992ANmN8MOr8Yi/view?usp=drive_link
291,Konten Edukasi dan Promosi,https://drive.google.com/file/d/1LLkn_BTmPyw5jXZS_jT7_D_5mlC9OKjO/view?usp=sharing
292,Konten Motivasi & Inspiratif,https://drive.google.com/file/d/1wHDX3CkFgXqn0hopLnCdJLpS4g3TQYkx/view?usp=sharing
293,Kumpulan Journals Trackers Planners,https://drive.google.com/drive/folders/1NtSJLjraBUlRpcWk06IGZJuMPmkOxK14?usp=sharing
294,Lifestyle Google Sheet Bundle,https://drive.google.com/file/d/1L0YTt_GmMoGn69PXJjPELWAQRKPj1ROw/view?usp=sharing
295,Lux Black & Gold Instagram Story Templates,https://drive.google.com/file/d/1aSk_Ou244L_OX8o4HZQtxox0mNo8I0qN/view?usp=sharing
296,Luxury Instagram Story Templates,https://drive.google.com/file/d/1ToTALmgkA9dtbaUe7TfgQjDs8yGd6wGf/view?usp=sharing
297,Membangun Lifestyle Bisnis,https://drive.google.com/file/d/1UGSblLn_4KZ7pvSKm1V458-MS_U4zHRy/view?usp=drive_link
298,Mewarnai Alfabet Bundle,https://drive.google.com/file/d/1B5-JOWDXh9LVoo9ThhQl38DDk_c4_cBe/view?usp=sharing
299,Mindfulness Social Media Bundle,https://drive.google.com/file/d/1ypnONIkv5v3Bf0bjXWCDsZZkUixn00wW/view?usp=sharing
300,Mockup Templates for Digital Products,https://drive.google.com/file/d/15frCXQVeaPTgTvd6CcTTcKKaWWjOfefu/view?usp=sharing
301,Paket Foto Stok Kantor Rumah Aesthetic,https://drive.google.com/file/d/1IYsnpy-ERfe12JX8hCtVk5fRTgmKMagS/view?usp=sharing
302,Pinterest Pin Mockups,https://drive.google.com/file/d/15-pDUf1hp5Gp7Nt93w5oTm2G8vY6lj6V/view?usp=sharing
303,Planner Law of Attraction,https://drive.google.com/file/d/1gttE_0Bhed14H6v5WmmTZCccPCVfnCOK/view?usp=sharing
304,Planner Pengajar,https://drive.google.com/file/d/14dsgNkJ816WXuSKhUh7Lqh8G8bSS8Qvx/view?usp=sharing
305,Planner Pos Sosial Media,https://drive.google.com/file/d/1bXStPpVUKse2bGR8C5Z8GbM7Sp-vUhwp/view?usp=sharing
306,Planner Siswa,https://drive.google.com/file/d/1yDbB3C6lnO57gvkHR-oE3JR4RBsdgyS7/view?usp=sharing
307,Presentation & Infografis Template PPT,https://drive.google.com/file/d/1Y4rctHrXSTRFlhboKtD1Qgg0lafK2BS9/view?usp=drive_link
308,Pretty In Pink Instagram Story Templates,https://drive.google.com/file/d/14lUv9Xzmo5ynT8vsoom9okRf5a9gnCW-/view?usp=sharing
309,Printable Etsy Shop Planner,https://drive.google.com/file/d/1y2deckit70WCds5Yv7w3ki76rAO17eRK/view?usp=sharing
310,Printable Planner Tahunan,https://drive.google.com/file/d/1gBtMafDL6LbgHic4flgK2mX4uQoYLjgI/view?usp=sharing
311,Printable Shopify Planner,https://drive.google.com/file/d/1wlADOf0mqAR9kmpxDSMik4yv6uUxPZt2/view?usp=sharing
312,Printable Tracker Bundle,https://drive.google.com/file/d/19is5XLVh-4oGd7bdpPJfOSlCmf5wTQC5/view?usp=sharing
313,Printable Tracker Bundle,https://www.canva.com/design/DAF6ofd2VF8/tCWxG--lrOXH3OB-fPuv1w/view?utm_content=DAF6ofd2VF8&utm_campaign=designshare&utm_medium=link&utm_source=publishsharelink&mode=preview
314,Printable Vision Journal,https://drive.google.com/file/d/11XzrIZKGqsnFHrzKA9YgYo3k0KMn8V5T/view?usp=sharing
315,Printable Wedding Planner,https://drive.google.com/drive/folders/1x_Se1ud0K17BeGycLOmWemFP1A25wJlx?usp=sharing
316,Printable Weight Loss Journal,https://www.canva.com/design/DAF4-yM1MXk/rOVgqsdD7UWRuG5ZBWUDFw/view?utm_content=DAF4-yM1MXk&utm_campaign=designshare&utm_medium=link&utm_source=publishsharelink&mode=preview
317,Red & White Luxe Social Social Media Templates,https://drive.google.com/file/d/1M7WpeJqYDJCA4_l6rungF-0VPCmdaqSf/view?usp=sharing
318,Social Media Content Planner,https://drive.google.com/file/d/1eWkOQy-lGRjLr4Krgd9PVKfD9j5umD_B/view?usp=sharing
319,Social Media post planer,https://www.canva.com/design/DAF9hS21aLg/8qQqjqye0aNblDkX9oAt7g/view?utm_content=DAF9hS21aLg&utm_campaign=designshare&utm_medium=link&utm_source=publishsharelink&mode=preview
320,Stunning Nature Videos Reels,https://drive.google.com/file/d/1Y1R1QWEb662acDzsBMo10QaHu-kw9vhu/view?usp=sharing
321,Stunning Nature Videos Reels,https://www.canva.com/design/DAGNwT5b3H4/_Q95p_aOd0LnFcujy0FNfA/view?utm_content=DAGNwT5b3H4&utm_campaign=designshare&utm_medium=link&utm_source=publishsharelink&mode=preview
322,Tema WordPress TemaToko Food,https://drive.google.com/file/d/14-lp79h16gIUt5A1RJBGdDUb1FaIy6g5/view?usp=sharing
323,Tema WordPress TemaToko Insta,https://drive.google.com/file/d/1yDwPDH6ccPFfkt_nM4wJZZhGyZN1JUPc/view?usp=sharing
324,Tema WordPress TemaToko Tiktok,https://drive.google.com/file/d/1P6qed8MyA9VuPxmHgv-BaYLBzw6uaNGp/view?usp=sharing
325,Template Buku Fisik Kirim Ke Penerbit,https://docs.google.com/document/d/1RkP3iRj2izBH_tTKgDal7Lg-JZ4qrhV1/edit?usp=sharing&ouid=117139476058879370301&rtpof=true&sd=true
326,Template Personal Branding PPT,https://drive.google.com/file/d/1S8izExZd1ea9Wg6XtCUa0ZWzALeOFAYa/view?usp=drive_link
327,Template Promosi Inkscape,https://drive.google.com/file/d/12Q4LxLO6o_rK1WhI7h6CrWNsGEa6LHb5/view?usp=drive_link
328,Template Qurban PPT & Elementor,https://drive.google.com/file/d/1UuFndslpclqZg0bwd-ng4Q1BEDNSqaxE/view?usp=sharing
329,That Mom Notion Planner,https://drive.google.com/file/d/1MGtH9Qp2_v2KwEfI4IkmCjGsFW2iuk0A/view?usp=sharing
330,Ultimate Notion Template Bundle- Life planner + Journal & Affirmations,https://drive.google.com/file/d/10HIWGYn8coUCBRe0xPXzGRaoRMf5v25u/view?usp=sharing
331,Video & Ebook Belajar Membangun Leads,https://drive.google.com/drive/folders/1wkBojlpXWRcOr0-mYTdX4HNJYbnFtmdJ?usp=sharing
332,Video Belajar Canva Mobile,https://drive.google.com/file/d/1r29rnmMu20NbLq6qipugEeIwdLoOp1VS/view?usp=drive_link
333,Video Belajar Cara Membuat Web,https://drive.google.com/file/d/1Qp1aSGGMryJ9FQ1jglwtzYJb0Xuz_SbD/view?usp=drive_link
334,Video Belajar Cara Rekaman,https://drive.google.com/file/d/1LEEMpkQZ6aQQ33Z9McnTKtvXM4iyouT1/view?usp=sharing
335,Video Belajar Content Building,https://drive.google.com/file/d/1sTFZo1QAZolDbWVUxMhf_ykljqCJa26D/view?usp=drive_link
336,Video Belajar Dominasi Socmed,https://drive.google.com/file/d/1x_9GKimnAYY6xkZDv7YRvqiTC6PcQUn8/view?usp=drive_link
337,Video Belajar Dominasi Telegram,https://drive.google.com/file/d/1SlSSWphBlOTKZ4N_J-n4kHiQ_NLCd2qF/view?usp=drive_link
338,Video Belajar Duplicate Traffic & Followers Instagram,https://drive.google.com/file/d/1UG-a1stUc2-u8noiet9Jns3upxYKDECF/view?usp=drive_link
339,Video Belajar Formation Hashtag Instagram,https://mega.nz/file/lTkSBaob#-_Evgxb8bnKpQzqsS0W0j5GJKKuh21KANGwz6_3-U_8
340,Video Belajar Hashtag Instagram,https://drive.google.com/file/d/1gSLEIL5452PoIXyvSSDh-Mb8EcYdef4-/view?usp=drive_link
341,Video Belajar Kolam Prospek Telegram,https://drive.google.com/file/d/1vdFnjm96nHuecmjl15kmRebQn1riAQAO/view?usp=sharing
342,Video Belajar List Building Mastery,https://mega.nz/file/cC1jQCQQ#rGsAtb4qoCjtbhd40XW2c1mjnX32lF9yNPtWP_B9pts
343,Video Belajar Mahir Affiliate,https://drive.google.com/file/d/1AZx2GYR_EOsw9OhCM2rBs_wd4yBBJjqw/view?usp=sharing
344,Video Belajar Mahir Agency,https://drive.google.com/file/d/1NwQoFo0DNLamK_CiAfdfdnowplai9pc-/view?usp=drive_link
345,Video Belajar Mahir Branding,https://drive.google.com/file/d/1SPO4LIYxnqdTWO4h6_QshJXG55oxZAk2/view?usp=drive_link
346,Video Belajar Mahir Canva,https://drive.google.com/file/d/1AHIaR66YvSIMaIbNc0OqKUtR_OHarFAI/view?usp=drive_link
347,Video Belajar Mahir Community Building,https://drive.google.com/file/d/1xugsIlQBP2DMRHhDxvd3R-06lnprn70u/view?usp=drive_link
348,Video Belajar Mahir Copywriting,https://drive.google.com/file/d/1V5q1EoFL_Rk1963zS9xl2FZlqX6h7QKo/view?usp=drive_link
349,Video Belajar Mahir Desain Profit,https://drive.google.com/file/d/1nsHvtGkXOUtciPHyWCE_beaz82qi3xPF/view?usp=drive_link
350,Video Belajar Mahir Digital Marketing,https://drive.google.com/file/d/1O5aXJfkuOxzU8RAllLcBPVlG0KR8MkKk/view?usp=drive_link
351,Video Belajar Mahir Elementor,https://drive.google.com/file/d/1H1f_vcXZ9OsyGRjDe8jGlKQPwe_Cym43/view?usp=drive_link
352,Video Belajar Mahir Email,https://drive.google.com/file/d/1xZfpd-XXuKYQtFX_bW7BQA3BGBkIH8na/view?usp=sharing
353,Video Belajar Mahir Email Profits,https://drive.google.com/file/d/1y-yrYl1hFDBbnUIOOIpzkT4bSxchazca/view?usp=drive_link
354,Video Belajar Mahir Facebook,https://drive.google.com/file/d/1NYtTDCZgWJxfc0ndu-lmYsMRv_h3VmK1/view?usp=sharing
355,Video Belajar Mahir FB Ads,https://drive.google.com/file/d/1GPX6IW4R_-FoO_6VWRdzmee-xgYh5Roc/view?usp=drive_link
356,Video Belajar Mahir FB Grup,https://drive.google.com/file/d/15t2ez5t1e-efcU7jyKfJkslyQzCPJYN_/view?usp=drive_link
357,Video Belajar Mahir Free Traffic,https://drive.google.com/file/d/1OekXvGII51Y63tXqIbwn-y4Y789nlqmp/view?usp=drive_link
358,Video Belajar Mahir Funnel,https://drive.google.com/file/d/1wAvyyH8SHL5VDQnYQ6rhKw_pzh0gKq6S/view?usp=drive_link
359,Video Belajar Mahir Google Slide,https://drive.google.com/file/d/1sk5RMLUkIu_7fwAPhCSGHWXrgoBsRyl4/view?usp=drive_link
360,Video Belajar Mahir Influencer Marketing,https://drive.google.com/file/d/1F9D_xoakGnqbQHX699OrOS8WqvzFEUmu/view?usp=drive_link
361,Video Belajar Mahir Instagram,https://drive.google.com/file/d/1Wm-trWdpdvezbKCLFLMdwtk7FqUFlfIi/view?usp=sharing
362,Video Belajar Mahir Instan Leads,https://drive.google.com/file/d/1SVpw1Udq01HnxwQOvaWZhNiU3ZJ3J3Qv/view?usp=drive_link
363,Video Belajar Mahir Internet Marketing,https://drive.google.com/file/d/1Yx03pN1JcjtwioIumvSOBG-o3zc9WhhY/view?usp=drive_link
364,Video Belajar Mahir Landing Page,https://drive.google.com/file/d/17DMDNYkQ_H0qyet3r2OjCI6vpFshcrD7/view?usp=drive_link
365,Video Belajar Mahir Lazada,https://drive.google.com/file/d/1bzj-YnhJbDEyBVuDLJvGsJmvfuCuuj5b/view?usp=drive_link
366,Video Belajar Mahir Lead Magnet,https://drive.google.com/file/d/1-C4eA4MsaYOmeTKfiQiYf7rWnpQAY7w-/view?usp=drive_link
367,Video Belajar Mahir List Building,https://drive.google.com/file/d/1JrzythyJlbC7bWNK4rbrVwMb_zwTtQD2/view?usp=drive_link
368,Video Belajar Mahir Membership,https://drive.google.com/file/d/1Ie7d-z7mSupv1-u3jeXBBMFFqvdkVviO/view?usp=sharing
369,Video Belajar Mahir Netpreneur,https://drive.google.com/file/d/1KTt649UyJTswOmxdbltDZaNz9IgmYxMB/view?usp=drive_link
370,Video Belajar Mahir Online Marketing,https://drive.google.com/file/d/1Zqup816hstrDAb-EamnYK7z3QqJGIGw1/view?usp=drive_link
371,Video Belajar Mahir Power Point,https://drive.google.com/file/d/1rf2VgaV_sH2Rqm6L9yhluOX7QJaZ9-32/view?usp=drive_link
372,Video Belajar Mahir Presentasi,https://drive.google.com/file/d/1vSloByiHZvOf9fOxA6ekqOGwXFNhDuUZ/view?usp=drive_link
373,Video Belajar Mahir Riset,https://drive.google.com/file/d/1I3_lksTn1C50NsluYIudlIUxCaUAs0OG/view?usp=drive_link
374,Video Belajar Mahir Sales Letter,https://drive.google.com/file/d/1PKNOXtD7XLqD6rMH8MAS6fB-ia6bcUxf/view?usp=drive_link
375,Video Belajar Mahir Sales Video,https://drive.google.com/file/d/1bRZTFeH0hZptAe7e6ePJhIegPoPJ34cY/view?usp=drive_link
376,Video Belajar Mahir Salespage,https://drive.google.com/file/d/1SYFTzhBscKi_vvUEpgGE_BHrEjDLJJ19/view?usp=drive_link
377,Video Belajar Mahir Shopee,https://drive.google.com/file/d/1bxrzTdTw9FmFdESd0543i94CRcE2xWpB/view?usp=drive_link
378,Video Belajar Mahir Team Building,https://drive.google.com/file/d/1kLaEWwcAX6J4rQNz4FRCg7jCVKNn86bl/view?usp=drive_link
379,Video Belajar Mahir Telegram,https://drive.google.com/file/d/1T61JdzBY1NHxL1EAxLAXEark2ZJE48dq/view?usp=sharing
380,Video Belajar Mahir Tokopedia,https://drive.google.com/file/d/131YRW-7IzQSP_YquKbyvrDIMAb1Z7Yj5/view?usp=drive_link
381,Video Belajar Mahir Traffic,https://drive.google.com/file/d/1Q2UUusvstRDAE7v1cvTp3xTK-uqKlgSK/view?usp=drive_link
382,Video Belajar Mahir Video Creation,https://drive.google.com/file/d/1MclJBjcpQCn1t3Vc-SpNdOqqcnCr_1pO/view?usp=drive_link
383,Video Belajar Mahir Viral,https://drive.google.com/file/d/18X8AIjmEuFM_TFdlBRYa24RARcpcdTMb/view?usp=drive_link
384,Video Belajar Mahir Webinar,https://drive.google.com/file/d/18rBKsIObwHTNgcWRE9acdVT-1Em9W1zD/view?usp=drive_link
385,Video Belajar Mahir Website,https://drive.google.com/file/d/1FGQJCYKDDqAYY9eBJ0wPZiH5K_TAFSXn/view?usp=sharing
386,Video Belajar Mahir WhatsApp,https://drive.google.com/file/d/1dys8bT3LOS6uRPD-oGXYRbJkzsaYpIyN/view?usp=sharing
387,Video Belajar Mahir WordPress,https://drive.google.com/file/d/1WK2nL2U1uqiBniDEBbDodXyL5ERJCMVi/view?usp=drive_link
388,Video Belajar Mini Offer Formula,https://drive.google.com/file/d/1A9rnEAu5lolFE-E1YYT9rXwiM9bwpV-y/view?usp=sharing
389,Video Belajar Personal Branding,https://drive.google.com/file/d/1qdUunX76Do2NcGKNioHsZsAzEyifarwU/view?usp=drive_link
390,Video Belajar Personal Branding,https://drive.google.com/file/d/1qdUunX76Do2NcGKNioHsZsAzEyifarwU/view?usp=drive_link
391,Video Belajar SEO Instagram,https://drive.google.com/file/d/13eQxv6phHuk3VjuROVhrs7pMW11l3ze3/view?usp=drive_link
392,Video Belajar Strategi Followers Instagram,https://drive.google.com/file/d/1Od51E4jyfI_609YXw2jdXF8AohgfOzEf/view?usp=drive_link
393,Video Belajar Strategi Online Marketing,https://drive.google.com/file/d/18QF-LsELAOVRnxaneDIP_7KljiXUVQCU/view?usp=sharing
394,Video Belajar Strategy Instagram,https://drive.google.com/file/d/1XQ_1KQePkbQmDM9-jJ8xIYo2UiDIg0v-/view?usp=drive_link
395,Video Belajar Affiliate Marketing,http://www.mediafire.com/file/60p9g3kaxqisst2/43_-_MRR_AFFILIATE_MARKETING_2020.rar/file
396,Watercolor Story Templates,https://drive.google.com/file/d/1tApD3CQl5y3fgiwQHsuzUuWFymX_pBM7/view?usp=sharing
397,Website Banner Images (25 images),https://drive.google.com/file/d/1MCc-bCUBPBYunvCiUwDY_RBVZHgMdyyS/view?usp=sharing
398,Work From Home Busy Mom,https://drive.google.com/file/d/165o7SWa5NXJqbTjQGizUn2fFjAD4ETm4/view?usp=sharing
399,Worksheet Belajar Baca B.Inggris Untuk Anak,https://drive.google.com/drive/folders/1hg_-b2xUUqvXdoXQ9MbM3XoxeX5l1HDj?usp=sharing
400,1001 Hook Konten,https://docs.google.com/spreadsheets/d/1MCLcj64VxiH4LaUhG9ytC-vyJwvinVP417TqfAXfJK4/edit?gid=889920114#gid=889920114
401,1000+ tools AI ,https://ai-bot.cn/
402,rak novel ,https://drive.google.com/drive/folders/1Y6krNF2-OduBpO_LNMJSeEmItfY_-Wln
403,1001 Ide konten fashion,https://docs.google.com/spreadsheets/d/1MCLcj64VxiH4LaUhG9ytC-vyJwvinVP417TqfAXfJK4/edit?gid=417030839#gid=417030839
404,1001 Ide konten Finansial,https://docs.google.com/spreadsheets/d/1MCLcj64VxiH4LaUhG9ytC-vyJwvinVP417TqfAXfJK4/edit?gid=402567841#gid=402567841
405,1001 Ide konten Kecantikan,https://docs.google.com/spreadsheets/d/1MCLcj64VxiH4LaUhG9ytC-vyJwvinVP417TqfAXfJK4/edit?gid=1592410098#gid=1592410098
406,1001 Ide konten kesehatan,https://docs.google.com/spreadsheets/d/1MCLcj64VxiH4LaUhG9ytC-vyJwvinVP417TqfAXfJK4/edit?gid=1161966125#gid=1161966125
407,1001 Ide konten pengembangan diri,https://docs.google.com/spreadsheets/d/1MCLcj64VxiH4LaUhG9ytC-vyJwvinVP417TqfAXfJK4/edit?gid=338868218#gid=338868218
408,1001 Ide konten skincare,https://docs.google.com/spreadsheets/d/1MCLcj64VxiH4LaUhG9ytC-vyJwvinVP417TqfAXfJK4/edit?gid=1199157782#gid=1199157782
409,,
410,101 Idea Product Digital,https://drive.google.com/file/d/1ihISQ71IUKYqYx3TKQ4-fu81On3Hecmo/view?usp=sharing
411,101 List Konten Galau,https://docs.google.com/spreadsheets/d/1MCLcj64VxiH4LaUhG9ytC-vyJwvinVP417TqfAXfJK4/edit?gid=1687965393#gid=1687965393
412,101 List Pantun,https://docs.google.com/spreadsheets/d/1MCLcj64VxiH4LaUhG9ytC-vyJwvinVP417TqfAXfJK4/edit?gid=2025107990#gid=2025107990
413,101 List This or That,https://docs.google.com/spreadsheets/d/1MCLcj64VxiH4LaUhG9ytC-vyJwvinVP417TqfAXfJK4/edit?gid=1162974286#gid=1162974286
414,101 Quote Kata Bijak,https://docs.google.com/spreadsheets/d/1MCLcj64VxiH4LaUhG9ytC-vyJwvinVP417TqfAXfJK4/edit?gid=2095312351#gid=2095312351
415,101 Quote Komedi,https://docs.google.com/spreadsheets/d/1MCLcj64VxiH4LaUhG9ytC-vyJwvinVP417TqfAXfJK4/edit?gid=81288715#gid=81288715
416,101 Quote Percintaan,https://docs.google.com/spreadsheets/d/1MCLcj64VxiH4LaUhG9ytC-vyJwvinVP417TqfAXfJK4/edit?gid=1536865300#gid=1536865300
417,101 Tebak-Tebakan Lucu,https://docs.google.com/spreadsheets/d/1MCLcj64VxiH4LaUhG9ytC-vyJwvinVP417TqfAXfJK4/edit?gid=914741680#gid=914741680
418,17+ Template Keuangan,https://drive.google.com/drive/u/3/folders/1GHpWtyyUXc2KnNVz3JTY0JfRvPhxm7gR
419,197 Ucapan Hari Raya,https://docs.google.com/spreadsheets/d/1MCLcj64VxiH4LaUhG9ytC-vyJwvinVP417TqfAXfJK4/edit?gid=1777873689#gid=1777873689
420,30.0000+ Video siap pakai termasuk video affiliate,https://drive.google.com/file/d/1PhIy5MyBicEeTrRwxJRvAuMwIwPSvA4r/view?usp=drivesdk
421,5.000+ Aesthetic Video,https://drive.google.com/drive/folders/1nJvs55LDEpqy9U-3ZhArBvJxYY9J7kgg
422,Ratusan editing video ilmuwan ,https://drive.google.com/drive/folders/0B-WMLy-05jqKSENmanFpSVJlWE0?resourcekey=0-osNQ_xPa1ltUG2f7yt1YZQ
423,Ratusan ebook ujian mandiri ,https://drive.google.com/drive/folders/15ojb1ax4nkMOyXJADHoP_5XSas8VwTlT
424,Ratusan konten Laris ,https://drive.google.com/drive/folders/1s6qiQzKlGKqjKDT1G0SvKgCfr_6MMQ28
425,,
426,Rangkuman smp,https://drive.google.com/drive/folders/1-dLIAGLZbPTd9jai2-XA0uniTve_n4wN
427,Murotal Alquran Juzz ,https://drive.google.com/drive/folders/1zG74LJIiSSWPHg_2b9X6hkNfta1o437W
428,Ratusan modul kelas x,https://drive.google.com/drive/folders/1Nfn890Kp14XrG5kEMGTbt5rRQyI8H7uf
429,Light novel ,https://drive.google.com/drive/folders/0B9XMV5I11ziWWGQxZ0ZCUTAtLXM?resourcekey=0-4Ov_UBB_E6di2Rrk_oxaVQ
430,Ratusan ebook luar,https://drive.google.com/drive/folders/0B12bdLbAL9AaNHc1YzY4VVBxN28?resourcekey=0-Olc5lEmy9YVg2hpPqCDjsQ
431,E-book 500 Resep Makanan,https://drive.google.com/drive/folders/1IMqlwNyDFobjh_koRbUSe9cxAJmr8eG8?usp=sharing
432,E-Book Tiktok Affiliate,https://drive.google.com/drive/folders/1pGboqM-S1K_iS3Gfap1FbZuIQnoMXxdL?usp=sharing
433,Ratusan ebook IELTS,https://drive.google.com/drive/folders/1b8WX5Afhh86oA5R-wJI7glRGGGtKOYfJ
434,Ratusan ebook pendidikan,https://drive.google.com/drive/folders/1TT49sl7nXsadkUeovTDmTds8SMvziLNw
435,Ratusan ebook modul Programmer ,https://drive.google.com/drive/folders/1rjziJuE_BK56UzK5x5slegSkQMmW7spD
436,Ratusan ebook elektronik ,https://drive.google.com/drive/folders/0B-WMLy-05jqKWEFETTZLNDk1Yjg?resourcekey=0-RtTUqOJYNFM34JF-e5JMYA
437,List Hashtag,https://docs.google.com/spreadsheets/d/1MCLcj64VxiH4LaUhG9ytC-vyJwvinVP417TqfAXfJK4/edit?gid=540683466#gid=540683466
438,Ratusan ebook digital marketing luar,https://drive.google.com/drive/folders/0B6qvFkiYJRLxektuMkNaSzVDUzg?resourcekey=0-Nbq6irsx9kmLayToeEA_Hg
439,Notion Book Tracker,https://substantial-dew-dfc.notion.site/Book-Tracker-7122688c9b7544a6a2fe4d0ee793da41
440,Notion Bundle Template,https://drive.google.com/file/d/1g_y5pIgqFcfl-p5abxuBsb8mjjahFdmY/view
441,Notion Finance Tracker,https://substantial-dew-dfc.notion.site/Finance-Tracker-7d065d4ce9b54b82b3f6336f4baad80b
442,Notion Habits Journal,https://substantial-dew-dfc.notion.site/Habits-Journal-26eea6e721504f8ea663bdc936e437c0
443,Notion Habits Tracker,https://substantial-dew-dfc.notion.site/Habits-Tracker-3e2e418a3d09496ab2fc62da64eb987c
444,Notion Income Dashboard,https://substantial-dew-dfc.notion.site/Income-Dashboard-9111f9f8f0fa4a7698d9d78551a9a5e4
445,Notion Life Planner,https://substantial-dew-dfc.notion.site/Planners-0e4a671935bb45898f84e1e9bd9ecea2
446,Notion Second Brain,https://substantial-dew-dfc.notion.site/Second-Brain-58e6f723d0454b8c8d5b15523000c77d
447,Notion Social Media Planner,https://substantial-dew-dfc.notion.site/Social-Media-planner-acde82cbd8dd48e4a9e7c103c86360e3
448,Notion Student Dasboard,https://substantial-dew-dfc.notion.site/Student-Dashboard-70daeb01efd2452b9b89b68a2a2d5b4b
449,Notion Student Planner,https://substantial-dew-dfc.notion.site/Student-Planner-aa8c74ee3c754c20aa71d61ca2b950c6
450,Notion Time Blocking,https://substantial-dew-dfc.notion.site/TIME-BLOCKING-d887af1af2f142a1a31db7da9a604e69
451,Pengenalan Produk Digital,https://drive.google.com/drive/u/0/folders/1Z1MQQtpegxP_i5JM3DH8UJ-bh3ljLT96
452,ratusan ebook pembahasan Tentang dunia treding ,https://drive.google.com/drive/folders/1J-lBPtoUQzpBHHm8Zd9snsr44nUtsEzN
453,Social Media Design Template,https://docs.google.com/spreadsheets/d/1MiZqy14bUe7-rftRSziJ8ulj3anOPucFEc6wQgdswpo/edit?gid=87424877#gid=87424877
454,Template Konten Planner,https://docs.google.com/spreadsheets/d/11ryqaIVrBaGI3SYALLY4L6ypaeE-AIgqUApHlEgVSTo/edit?gid=421189799#gid=421189799
455,Template Power Points,https://drive.google.com/drive/u/0/folders/1GdrBVh7wPP5NQrZrxYOgo9vibfSojD1A
456,Template Resume atau CV,https://www.canva.com/design/DAGRw-UpyWg/CGz-bFOsxgg0J8dFRGYBYA/view?utm_content=DAGRw-UpyWg&utm_campaign=designshare&utm_medium=link&utm_source=publishsharelink&mode=preview
457,4000++ premium Canva ,https://drive.google.com/drive/folders/1ciYj7mMeJPYhlLCUbrj9Z-iHGA8RdKMS
458,499+ ebook ilegal resmi ,https://drive.google.com/drive/folders/108rsNHC4bK_fq2XM9F-RgiGk72_5n2kY
459,25+ Template Excel Keuangan,https://drive.google.com/drive/u/3/folders/1yraIhY95kdjWejFkavKXoCCdAOcLbePG
460,30.000+ Konten Video Siap Pakai,https://drive.google.com/drive/folders/1JFZxcjruCu0Sc_2RKX2NNXQ1YVPihlkG
461,10.000+ Template Canva,https://drive.google.com/drive/folders/1LRmhDEGBodDDq1sH6ude0Cz4OR3JGHcX
462,100+ Template CV by Canva,https://drive.google.com/drive/folders/1LRmhDEGBodDDq1sH6ude0Cz4OR3JGHcX
463,100+ Template Web Canva,https://cambia.co.id/akses-page-cuamoe/
464,Ribuan Template Presentasi PPT,https://drive.google.com/drive/folders/1GdrBVh7wPP5NQrZrxYOgo9vibfSojD1A
465,190+ Template Video Undangan Nikah,https://drive.google.com/drive/u/5/folders/1Ev3wPygDnrgYHfT4rg02tnBlfcTV7QyY
466,Ribuan Template Desain Sosmed,https://drive.google.com/file/d/1nzNOptmXWXt-YZmR5-FTHtClOTAoJD06/view
467,640+ Template Mockup Compatible Lynk,https://drive.google.com/drive/u/2/folders/1LTdUqlQAHb2bP_tM3a2ANzh1ulIrT5S1
468,3000+ Template Desain Promosi,https://drive.google.com/drive/u/3/folders/1lBhHBC6dx38rMT0RfvoVpxnOgvBb00Pm
469,Template Konten Planner,https://drive.google.com/file/d/1efzgbojDiS6lEYTsB-kxrXaV-eSpuwci/view
470,1000+ Ide Konten Jualan,https://docs.google.com/spreadsheets/d/1tyfEXEbXFllq09m9jHJE655_G_1PT-mq1IPEmKH0HFc/edit?gid=417030839#gid=417030839
471,6.000+ Faceless Aesthetic Video,https://drive.google.com/drive/u/3/folders/1hWAQsLJbbQ-FAr4Zxqt60qeI6Tz3yixO
472,1.200+ Viral Konten Masakan,https://drive.google.com/drive/folders/1-REUiM9hIxCSmwzl9IObN1hI7efsYIs4?usp=drive_link
473,39.000+ Printable Kegiatan Anak,https://drive.google.com/drive/folders/1xsQ7LMcDhzeIsjdnAJ3XbKW8IO72G8ue
474,70+ Template JSON BIOLINK,https://drive.google.com/drive/u/3/folders/1r25eV7PW9Z1Sz1Y3M4S14WFVgQRO7KZQ
475,Plugin Notify Pro + Bonus,https://drive.google.com/drive/u/0/folders/1FcKAVMO4tH1EamSZtO1IGp2FBLtouCBW
476,Mahir Copywriting,https://drive.google.com/drive/u/3/folders/1kyZvsc_PozuEkbrQcOmHTXpwz7ypnzLm
477,Mahir Landingpage,https://drive.google.com/drive/folders/19FOqFoGzCY0ioB4YPLbM_zfOT9yd8PpD
478,Panduan 3 Cara Mendapat Produk Digital,https://www.youtube.com/watch?v=DWvYBJ9L5sM
479,Optimasi Shopee Affiliate,https://www.youtube.com/watch?v=rsT_pfTocfY
480,Mahir Canva + Bonus Template,https://drive.google.com/drive/folders/13jxp3oytV9jRoT93k03H0rFNcyGo8uUK
481,Mahir Canva + Bonus Template 2,https://drive.google.com/drive/u/3/folders/1lBhHBC6dx38rMT0RfvoVpxnOgvBb00Pm
482,Mahir Capcut,https://drive.google.com/drive/folders/1p8Yu6tmfxAfyWV_wsNUn5fz57a29ekfC
483,Mahir FB Pro,https://drive.google.com/drive/u/3/folders/1-3QwsLBeF4Uld5mmAU_VhQ9v0bFJvZxQ
484,Mahir Meta Ads / FB Ads,https://drive.google.com/drive/folders/1XfIHEom2zjwkjsCF_mMm5FdrPh7CQmgm
485,Mahir Google Ads,https://www.mediafire.com/download_repair.php?flag=10&dkey=1ocfd53gvksg&qkey=6y33jo29sf646it&ip=120%2E188%2E35%2E98
486,Mahir Elementor,https://drive.google.com/drive/folders/13WplAFhlq3I2pHRFmz5jYNA8RXb-hgJc
487,Mahir Instagram Hack,https://drive.google.com/drive/folders/1Jv7hC5jg0C2PiDf5FKwob6z3Rs9ELQhB
488,Mahir Tiktok,https://drive.google.com/drive/folders/1lmoiG-QxvEqiRWK0ji6Ggy4ouC3tZy3e
489,Mahir Whatsapp Marketing,https://drive.google.com/drive/folders/1PRiEOjYCwxoSl-SS8qelK5bPEJz1Q7gA
490,Mahir Modal Foto Jadi Dollar,https://drive.google.com/file/d/1nThByvX6JxPM1U548n0KyaH-BBAZOG9h/view
491,Mahir Membuat EBook Dengan ChatGPT,https://drive.google.com/file/d/1KQtn9kNG3dGENKetOmHFKjzoT7lbamjG/view
492,100 Ide Produk Digital,https://drive.google.com/file/d/1u8spE1IuXvVA19Ms4mjLy6DzxTgh7Vsj/view
493,40 EBook Premium,https://drive.google.com/drive/u/3/folders/1ZwuCZFrWgWtWGjRO95p5Nfo4lamDO9RW
494,150+ Rumus Excel Kantoran,https://drive.google.com/drive/u/3/folders/1ujltt9vsSJv_9g7sPh1CEAb6AQVLTwl3
495,Aplikasi Hitung Pesangon,https://drive.google.com/drive/u/3/folders/1ujltt9vsSJv_9g7sPh1CEAb6AQVLTwl3
496,2600+ Video Shopee Affiliate,https://drive.google.com/drive/folders/1oKyFp8ciXYGuiTw8Uu2beedyhfsvMc_p
497,3500+ Video Konten Motivasi Siap Upload,https://drive.google.com/drive/folders/10B5BXcQWLHAcKD9gzF_rcfG2fT1WtokE?usp=drive_link
498,500 JSON Elementor Kit,https://drive.google.com/drive/u/3/folders/1JcSgFbhs2kmBEjgbi_ESbtT2tEJGydCl
499,Mahir SEO Mastery,http://www.mediafire.com/file/9ez6xjsq9mh53o1/28._PLR_MASTER_SEO.rar/file
500,Video Instagram Marketing,https://youtu.be/4oZH-f71Om4
501,Mahir Website Master,https://drive.google.com/drive/u/3/folders/1sEgDb4rjTfumTTWTjjwjimjYDFIhdFrQ
502,1300+ Video Konten Sepakbola - Video Konten Viral No Watermark Siap Upload,https://drive.google.com/drive/folders/1utfUcZH-Ld69p4RgWC1a0KYL3tHQgfw6
503,1000+ Video Konten Tutorial Design - Video Konten Viral No Watermark Siap Upload,https://drive.google.com/drive/folders/1drV9VRyCEPfOSsGsLdKcFrdGE87EjkHl?usp=drive_link
504,1800+ Video Konten Baperan - Video Konten Viral No Watermark Siap Upload,https://drive.google.com/drive/folders/1cR_Sc3nnUTdCrrI3xGiQiGQRN4oKGzpg?usp=drive_link
505,1700+ Video Konten Craft - Kerajinan Tangan Close Up Ready Upload Content Creators sosmed ,https://drive.google.com/drive/folders/1xwzGJNN7fLRlba1Wwcp03-VbPCjbQQrY?usp=drive_link
506,,
507,1900+ Video Konten Rumah - Vidkon Rumah Property Reels - Shorts - FYP,https://drive.google.com/drive/folders/1wxpMkJeQWzzFsYDQaqkHt916Wb9D9Ydf?usp=drive_link
508,1100+ Video Konten Travel Korea - Video Konten Viral No Watermark Siap Upload,https://drive.google.com/drive/folders/1_DEj0QdpEJexqcITO-MiPqmPaUYzN83l?usp=drive_link
509,1100+ Video Konten Konstruksi - Video Konten Viral No Watermark Siap Upload,https://drive.google.com/drive/folders/1ZJq-RrJfVLws7_Gq2v5Kls7lnGO0I7Gq?usp=drive_link
510,1300+ Video Konten Mainan Anak - Video Konten Viral No Watermark Siap Upload,https://drive.google.com/drive/folders/1JYvgXILCEnlzLSR5r0unelmd3HzvxrTh?usp=drive_link
511,2300+ Video Konten Memancing,https://drive.google.com/drive/folders/1GIHGoeS66hPktB-RL1FWSqzma6E-sNjs
512,50+ Video Konten Pramugari,https://drive.google.com/drive/folders/1Owz09e5rBhQODykmJ5dtyYn6cd_ovjxa
513,"125 Video Konten TEMA 6 Niche (Jalanan, Pantai, Alam, Hitam Elegan, Kota, Putih Aesthetic",https://drive.google.com/drive/folders/1v2XxFb9a3mDJHWbjCNM5ULONMQ-GsZyM
514,1200 Template Desain Khusus Makanan,https://drive.google.com/drive/u/5/folders/1GfxOsLh0HXFB24WJ6wPHjFgyGMMHZWkO
515,1000+ Template Khusus Instagram,https://drive.google.com/drive/u/5/folders/1rblud_5CPNCcoO9-sAsmXhHUK7OCrOi_
516,Ratusan Template Facebook Ads,https://drive.google.com/drive/u/4/folders/1-7qx9TPeLVX8jscizPkfuxi-VLr0EOMS
517,50 Template Video Aqiqah,https://drive.google.com/drive/u/5/folders/1xq8TkGMEY0qy_AyBJ0Y9S19vhtz1iLMk
518,50 Template Video Ulang Tahun,https://drive.google.com/drive/u/5/folders/1xq8TkGMEY0qy_AyBJ0Y9S19vhtz1iLMk
519,50 Template Video Wisuda,https://drive.google.com/drive/u/5/folders/1xq8TkGMEY0qy_AyBJ0Y9S19vhtz1iLMk
520,5 Video Banjir Closing Dengan Copywriting,https://youtu.be/LHUOQHJwzBE https://youtu.be/bYrZ6ysiRF4 https://youtu.be/LJX5UaYqkXc  https://youtu.be/iAtnfVhvw2c https://youtu.be/5mtSp2rMOEQ
521,ECourse Pake Whatsapp Aja Yukk,https://drive.google.com/drive/folders/1OBtejz8iZQ7_aWWQO6_y5LVujLcD14Uq
522,ECourse Beriklan Shopee via HP,https://www.youtube.com/watch?v=fu7-k4tiJ28
523,ECourse Iklan FB Ads & IG Ads Mengarah ke WA,https://www.youtube.com/watch?v=UXb3lifuwdw
524,50 Template ID Card,https://drive.google.com/drive/u/2/folders/1ZQ3shDT9fbOBIvvlS5FvH6aGx5JjhqH-
525,70 Template T-Shirt,https://drive.google.com/drive/u/2/folders/1tGKbskHRRo56XQU1gexglyXoRWZWaod2
526,150 Template Insta Story,https://drive.google.com/drive/u/2/folders/1jLHIkeJVrxa3CRArvLcjRklYT-y41XmD
527,150 Template Thumbnail Youtube,https://drive.google.com/drive/u/2/folders/1A1WNiwluC0oD4Wlaku7mOzDCGOVuAwbJ
528,150 Badge Stempel,https://drive.google.com/drive/u/2/folders/1cB0LudA9QutLtFQwP3lx_raRjnbDyVAK
529,80 Template Testimoni,https://drive.google.com/drive/u/2/folders/1EmMGkf-CC08NHWL_JDA85-QNkMNybPli
530,150 Template Price Plan,https://drive.google.com/drive/u/2/folders/1AI7jMpNQb-Jjq8SajDGJLICWUziMcWnX
531,150 ECover Template + 3D Mockup,https://drive.google.com/drive/u/2/folders/11dOMgJybKK0KgIh4hir8h4F_TWuPJqte
532,150 ECover Template + 3D Mockup 2,https://drive.google.com/drive/u/2/folders/1aHzHdmobX4Duea7icc34aQ-vAO50uQ75
533,130. 6000+ List Suplier Terlaris Shopee,https://docs.google.com/spreadsheets/d/1vSSv6nKzfQgaWYMLDDeSYXJ4yCQebRug/edit?rtpof=true&gid=966387063#gid=966387063
534,8000+ List Suplier Terlaris Tokopedia,https://docs.google.com/spreadsheets/d/11TFfdfvnBLtCumqJawBRFvKDR36JQOvR/edit?rtpof=true&gid=1781606111#gid=1781606111
535,Mahir Elementor,https://drive.google.com/drive/folders/13WplAFhlq3I2pHRFmz5jYNA8RXb-hgJc
536,Hook Konten Viral Video,https://drive.google.com/drive/folders/10e5pwdKOSiSpGhwHMDffNJRwhRVUtG2v
537,Ide Live Tiktok Pasti Cuan,https://drive.google.com/drive/folders/10CnyPk6OFRAEdyNDF0ukrpcinm6kbYZ2
538,Database Interest Facebook Ads Umum,https://docs.google.com/spreadsheets/d/19pA5Xmwlhsn3wuTuMsmW22YXARmo4aFshbobcqx9hTY/edit?gid=0#gid=0
539,FB Ads Anti Boncos - Next LeveI - Materi Pembelajaran Online,https://drive.google.com/file/d/10YMWYabDyw9iHKZyqD3K8gOuhsgvytUw/view?usp=sharing
540,Mahir Instagram Hack,https://drive.google.com/drive/folders/1Jv7hC5jg0C2PiDf5FKwob6z3Rs9ELQhB
541,Mahir Tiktok Ads,https://drive.google.com/drive/folders/1lmoiG-QxvEqiRWK0ji6Ggy4ouC3tZy3e
542,Mahir Facebook Ads Konversi,https://drive.google.com/drive/folders/1XfIHEom2zjwkjsCF_mMm5FdrPh7CQmgm
543,Mahir Reset Jualan Produk Digital Untuk Dijual,https://drive.google.com/drive/folders/1ZqOCaVPKqRJcH2X0Q6cZI3O0sIc0h611
544,3000+ Templates Desain Instagram via Canva,https://drive.google.com/drive/folders/1ujwV7oYpeqvO6UWFIuG9DB2-dhRf-fyp
545,150 People Transparant,https://drive.google.com/drive/u/3/folders/1ioSRGAG6S8p4n6ubIpHJ50v8ijz-FVKd
546,Video Template Presentasi Luxury,https://drive.google.com/drive/u/3/folders/1ioSRGAG6S8p4n6ubIpHJ50v8ijz-FVKd
547,Graphic Tools Affiliate Marketing,https://drive.google.com/drive/u/3/folders/1ioSRGAG6S8p4n6ubIpHJ50v8ijz-FVKd
548,110 Template Viral Quote,https://drive.google.com/drive/u/3/folders/1ioSRGAG6S8p4n6ubIpHJ50v8ijz-FVKd
549,180 Template Discount Label,https://drive.google.com/drive/u/3/folders/1ioSRGAG6S8p4n6ubIpHJ50v8ijz-FVKd
550,280 EBook Bisnis Online,https://drive.google.com/drive/u/3/folders/1mHghHfi6T1ZAWTYMhO3MDBaaBtfmsEhC
551,1300+ Icon HD,https://drive.google.com/drive/u/3/folders/1mHghHfi6T1ZAWTYMhO3MDBaaBtfmsEhC
552,Moslem Character Kit,https://drive.google.com/drive/u/3/folders/1ioSRGAG6S8p4n6ubIpHJ50v8ijz-FVKd
553,130+ Template Desain Islami (Part 1),https://drive.google.com/drive/u/3/folders/1mHghHfi6T1ZAWTYMhO3MDBaaBtfmsEhC
554,Desain Nasehat,https://drive.google.com/drive/folders/1l-1OcGxpBTGbXj_5TT20pXG4xf5NSAmz
555,180 Desain Timeline Blog,https://drive.google.com/drive/folders/1GEqKQuC_bUOaIrr7PSDzVHWBllpU6rsB
556,Desain Stiker Ikhwan,https://drive.google.com/drive/folders/1T-R4n-ZQhOG_zI3F3O4vwOf1OU68tc4o
557,Desain Timeline Selling,https://drive.google.com/drive/folders/1ytDF90SJpdKxH-UCcvvG-l7Yy_tUazWG
558,Desain Stories Telling,https://drive.google.com/drive/folders/1Fj8xKKxOrYcTb4-KOJ68FOZ-7Z574lN-
559,Desain Diskon Ramadhan,https://drive.google.com/drive/folders/1VZ4ROodGohIDEkLso4LUdV33XzduL32v
560,Desain Giveway,https://drive.google.com/drive/folders/15pS6YdMd6rek95ayw66pwfnOZ3MkaCsf
561,90 Desain Ucapan (Separasi IG),https://drive.google.com/drive/folders/1LEMXnnV1QAdFhsxdabd2tQ9vqXEuuMUN
562,Desain Cover Buku,https://drive.google.com/drive/folders/1eUZAApUH-7Mflpv7mR8xcm0hvJBHB889
563,360 Desain Feed Puzzle IG,https://drive.google.com/drive/folders/1JgRVrQJfw9V3XGkDSvCDVda1e61QUxE1
564,150 Template Desain Islami (Part 3),https://drive.google.com/drive/u/3/folders/1ioSRGAG6S8p4n6ubIpHJ50v8ijz-FVKd
565,30 Template Ucapan Idul Fitri,https://drive.google.com/drive/folders/1bixBEPYe1lAJJlPQ1H6KwTbTfrIx0_yY
566,Template Ucapan Ramadhan,https://drive.google.com/drive/folders/1RzK6Q9HAxvAWQPwO5x-Idt9d1D2jWgxM
567,170+ Template Super Desain Promosi,https://drive.google.com/drive/u/3/folders/17tCgqkHtRDshV7mVeGciSFidwOxd09Xp
568,2100+ Template Presentasi Super Lux,https://drive.google.com/drive/u/5/folders/1pC-5T_yPgJ-EmqF7Fx7mZbFnJ9b1D89q
569,380+ Template Desain Master Youtube,https://drive.google.com/drive/u/5/folders/10eNhWCakB6emQ2qXvCRAijMhd0x_EFej
570,40+ Template Video Animasi,https://drive.google.com/drive/u/5/folders/1GWXGOBHZpx8VXT0Hm9B3AE7N7qhfeRPd
571,10 Video Hypnoselling,https://drive.google.com/drive/u/3/folders/1ioSRGAG6S8p4n6ubIpHJ50v8ijz-FVKd
572,Mahir Desain via Powerpoint,https://drive.google.com/drive/u/3/folders/16BAJwIPQkt-6YUGFdz4MK8-e8yxFTX9P
573,20 Template Video Ucapan Lebaran 2025,https://drive.google.com/drive/u/3/folders/16BAJwIPQkt-6YUGFdz4MK8-e8yxFTX9P
574,90 Asset Shape Religi,https://drive.google.com/drive/u/3/folders/16BAJwIPQkt-6YUGFdz4MK8-e8yxFTX9P
575,30 Ramadhan Quote Luxury,https://drive.google.com/drive/u/3/folders/16BAJwIPQkt-6YUGFdz4MK8-e8yxFTX9P
576,Mahir Affiliate Marketing,https://drive.google.com/file/d/1-cldjiH9UsfIAIeTlnNXodIei4-b4BbX/view
577,Mahir Sosial Media Marketing,https://drive.google.com/drive/folders/11c5i2DHEvixo04uGrVAnT_dPqawN47RI
578,30 Wordpress Theme Premium,https://drive.google.com/open?id=13QQdAJgoIkal4DR_EBgbl05SZAOzYQEO https://drive.google.com/open?id=19ok8UGPmNPvPwWa0BsHEBxe_ReD3_blr https://drive.google.com/open?id=1ab7jt7LB46Hxd6mz_3XIFCRdrH--Hhns
579,Mahir Traffic Mendatangkan Calon Pembeli via Medsos,http://www.mediafire.com/file/gv2ss6l8tgf57yi/PLRTube.com-BoomTraffic.rar/file
580,Mahir Youtube,http://www.mediafire.com/file/23edsv4dvmkmlgd/PLRTube.com-ViralYoutube.rar/file
581,Mahir Email Marketing,http://www.mediafire.com/file/0dopez1aygp3fwm/PLR-MASTER-EMAIL-MARKETING.rar/file
582,EBook Cuan dari Si Ijo LYNK ID,https://drive.google.com/drive/u/2/folders/1RNeAy8P_5AueN6kadRriaWRh0J9PwD3p
583,EBook Passive Income dari Produk Digital,https://drive.google.com/drive/u/2/folders/1rsi802gjR3M4s8z5rNLXcptFUGjv2YOu
584,50 ECourse Digital Marketing,https://drive.google.com/drive/u/0/folders/17prCtQGij_EGh_6sCjZvhlnvgOX_KijI
585,Video Editing Effects,https://drive.google.com/drive/folders/1H9kXxwun58nJjTHZ_6_WYvVknLiMP2KP
586,T-Shirt Design,https://drive.google.com/drive/folders/19_HLaeBNdCZMOrkMY40z3iTb73I6kPmL
587,"Digital Planner, Journal & Trackers",https://drive.google.com/drive/folders/1IGDP9W4pot4NdWH18oJio9bItBhY0ba1
588,4K Mobile Wallpaper,https://drive.google.com/drive/folders/1mVp2sQdRtmf0sTbMkVIvjf2dWN3ceULD
589,Cara Daftar dan Jualan di lynk id ,https://youtu.be/kNmhsxB_rA0
590,Copywriting + Video Cara Jualan,https://youtu.be/kNmhsxB_rA0
591,50 Excel Financial Templates,https://docs.google.com/document/d/1UCJyoc-_TRJZrGdg4_4kVhFf0Rqj6lWCFO5W4V_6Zg4/edit?usp=sharing
592,48 Buku Cerita B.Inggris Bisa Diedit,https://drive.google.com/file/d/168t2XPN2hZRV6QRAClHCKs2cbUxCq1ln/view
593,48 Buku Cerita B.Inggris Bisa Diedit,https://drive.google.com/file/d/13J6yOoiUiIwp7sK2r-13zI36zKQuV9_9/view
594,19 Excel Sheets for Teachers & Students,https://drive.google.com/file/d/1XbG5Mkpbje2wiR1zBSMPR30A59eGj8LG/view
595,15 Template Resume Professional,https://drive.google.com/file/d/1kpgSFR44GkoBQ7SHosnzikj0tUZXTL-g/view
596,96+ Beginning Sounds Educational Bundle,https://drive.google.com/drive/folders/1wWs9yp2bH9fHiX7xD0UrSvWAOBVWVsrb
597,999+ Template Excel Campur Sari,https://drive.google.com/file/d/18-eU0otcvhlFr2ob9lAkyVMrVuCp0BVa/view
598,20+ Finance Social Media Posts,https://www.canva.com/design/DAGSSKhRum0/sesUclbzYyTSUDrktkYrHQ/view?utm_content=DAGSSKhRum0&utm_campaign=designshare&utm_medium=link&utm_source=publishsharelink&mode=preview
599,70+ Worksheet Belajar Baca B.Inggris Untuk Anak,https://drive.google.com/drive/folders/1hg_-b2xUUqvXdoXQ9MbM3XoxeX5l1HDj
600,82 Halaman Template Ebook & Majalah,https://www.canva.com/design/DAGWhWbP_SI/Q-sKDZpbPIYXWchZNz_IfA/view?utm_content=DAGWhWbP_SI&utm_campaign=designshare&utm_medium=link&utm_source=publishsharelink&mode=preview
601,1000 Ide Produk Digital,https://drive.google.com/file/d/1sMifdrNxyrhe6LAdsHoP1fVVNtHwsLC4/view
602,30 Day Printable Guided Journal,https://www.canva.com/design/DAF5WZVv0nM/go92BvPmu7PxUcNyoIeoDg/view?utm_content=DAF5WZVv0nM&utm_campaign=designshare&utm_medium=link&utm_source=publishsharelink&mode=preview
603,8 Lifestyle Google Sheet Bundle,https://drive.google.com/drive/folders/1Go2yMHMEIArDxzFTJiPR9uBo5-arV-Sh
604,300 Template Desain Berbagai Tema PPT,https://drive.google.com/file/d/1bk2pGVOknLDSbxWM7W2ft1nklnI4TJPe/view
605,130 Template Produk Digital Elementor,https://drive.google.com/file/d/1xyrCLJxl_mXTeFuSsK1A3TOHGhGqbo3p/view
606,300 Template Konten Medsos Canva,https://drive.google.com/file/d/1YXpsdZNRgzKCYO2-lOyTl2UJA2axY6md/view
607,45+ Halaman Aktivitas Natal Untuk Anak,https://www.canva.com/design/DAF1m0ImRBc/rBH2tWdVElGp1jeIZUJOXw/view?utm_content=DAF1m0ImRBc&utm_campaign=designshare&utm_medium=link&utm_source=publishsharelink&mode=preview
608,49+ Mewarnai Alfabet Bundle,https://drive.google.com/drive/folders/13Bb6SGaqDwQNOhkiFvuBBvdU00taA1Mf
609,Digital Product Planner,https://www.canva.com/design/DAF6wFMUePY/upE6FHcgPob7BJxcwEHC6A/view?utm_content=DAF6wFMUePY&utm_campaign=designshare&utm_medium=link&utm_source=publishsharelink&mode=preview
610,Printable Tracker Bundle,https://www.canva.com/design/DAF6ofd2VF8/tCWxG--lrOXH3OB-fPuv1w/view?utm_content=DAF6ofd2VF8&utm_campaign=designshare&utm_medium=link&utm_source=publishsharelink&mode=preview
611,"Daily Life Planner, Digital Planner",https://www.canva.com/design/DAF7atJsoMs/o7tGSgLb_9rtbSgiXYJ7_w/view?utm_content=DAF7atJsoMs&utm_campaign=designshare&utm_medium=link&utm_source=publishsharelink&mode=preview
612,General Business Instagram Templates,https://www.canva.com/design/DAF1Oav2n4g/UNF1DnHV9F5e5ibHBlwBMA/view?utm_content=DAF1Oav2n4g&utm_campaign=designshare&utm_medium=link&utm_source=publishsharelink&mode=preview
613,Printable Shopify Planner,https://www.canva.com/design/DAF4708i2XU/RlS9v39_R257dX7U80dK1w/view?utm_content=DAF4708i2XU&utm_campaign=designshare&utm_medium=link&utm_source=publishsharelink&mode=preview
614,Family Financial Planner,https://www.canva.com/design/DAF2r5CaBmI/m-z8rixX_JZyA60o09e72A/view?utm_content=DAF2r5CaBmI&utm_campaign=designshare&utm_medium=link&utm_source=publishsharelink&mode=preview
615,Printable Weight Loss Journal,https://www.canva.com/design/DAF4-yM1MXk/rOVgqsdD7UWRuG5ZBWUDFw/view?utm_content=DAF4-yM1MXk&utm_campaign=designshare&utm_medium=link&utm_source=publishsharelink&mode=preview
616,Social Media post planer,https://www.canva.com/design/DAF9hS21aLg/8qQqjqye0aNblDkX9oAt7g/view?utm_content=DAF9hS21aLg&utm_campaign=designshare&utm_medium=link&utm_source=publishsharelink&mode=preview
617,Buku Aktivitas dan Mewarnai Hari Cinta,https://www.canva.com/design/DAF74rDpwYg/UnFue53hhH5_hOzFTGNM3w/view?utm_content=DAF74rDpwYg&utm_campaign=designshare&utm_medium=link&utm_source=publishsharelink&mode=preview
618,Buku Mewarnai Kaus Kaki & Pohon Lampu,https://www.canva.com/design/DAF2ceFPD64/W57_IJYNTwofA6bO7urcZA/view?utm_content=DAF2ceFPD64&utm_campaign=designshare&utm_medium=link&utm_source=publishsharelink&mode=preview
619,Printable Wedding Planner,https://www.canva.com/design/DAGECiBeCXs/qIkE2ptYi1xql-dV0ga6NA/view?utm_content=DAGECiBeCXs&utm_campaign=designshare&utm_medium=link&utm_source=publishsharelink&mode=preview
620,Template Buku Fisik Kirim Ke Penerbit,https://docs.google.com/document/d/1RkP3iRj2izBH_tTKgDal7Lg-JZ4qrhV1/edit#heading=h.gjdgxs
621,Stunning Nature Videos Reels,https://www.canva.com/design/DAGNwT5b3H4/_Q95p_aOd0LnFcujy0FNfA/view?utm_content=DAGNwT5b3H4&utm_campaign=designshare&utm_medium=link&utm_source=publishsharelink&mode=preview
622,118 Template PPT Idul Fitri Paket 1 & 2,https://drive.google.com/file/d/17p_83Vs16czlva8jqn9pUwRecFlZ9Bum/view
623,50 Template Pernikahan Paket 1 Elementor,https://drive.google.com/file/d/1DmXAe94_Of-GESRBrxEOG_PSDaTyB8dJ/view?usp=sharing
624,50 Template Pernikahan Paket 2 Elementor,https://drive.google.com/file/d/1_aA8NCp06Ua10vbq9OHiPkIatzJcwzu2/view?usp=sharing
625,500 Template Pernikahan PPT,https://drive.google.com/file/d/1iX17Ybyw9XEFqaRpaU2TWHERp6c7wqTF/view?usp=sharing
626,30 Template Anniversary Canva,https://drive.google.com/file/d/19NfqTkLfsgu41zMr9FPe0A3hZXrPfDVT/view?usp=sharing
627,36 Template Video Display PPT,https://drive.google.com/file/d/1xW1Vkul_ntUAcQyW0r0FuUJW4Rn7lVW-/view?usp=sharing
628,144 Template Cover Story Feed Thumb PPT,https://drive.google.com/file/d/1Nqvz6GFg4m1T4F7nRliK4UuXhoglXGVi/view?usp=sharing
629,140 Template Microblog PPT,https://drive.google.com/file/d/1EqldtyYhMDkvkpm5gs3QKBZKVpPuLoBZ/view?usp=sharing
630,29 Template Puzzle Grid PPT,https://drive.google.com/file/d/1cnUSRkOdtiwe8kaf81ZBKTuDOsQ7YScV/view?usp=sharing
631,220 Template Marketframe PPT,https://drive.google.com/file/d/1tHP4F-nHjufDmx0ge6AkUlRMiW8ltsRN/view?usp=sharing
632,170 Template Quotes Black White PPT,https://drive.google.com/file/d/1HepWuo3wDoRFRKLjmXk7ZJpKao6ARXBR/view?usp=sharing
633,90 Template Cover Box PPT,https://drive.google.com/file/d/1dSBjkhMcYxpdcaEnRyAOgU_wru0UOo5W/view?usp=sharing
634,66 Template Desain Instagram PPT,https://drive.google.com/file/d/1Bj51qpl06_ArTAh4jaet4GUMpztlNNzy/view?usp=sharing
635,50 Template PPT HUT RI,https://drive.google.com/file/d/1AFithho0FVt5VwgG0_KrselAlN2kpcZP/view?usp=sharing
636,47 Template Fashion & Affiliate Elementor,https://drive.google.com/file/d/1GFrerOFTKY8rSJE2hKmUQGZkIsuHTLn5/view?usp=sharing
637,100 Template Pernikahan Paket 3 Elementor,https://drive.google.com/file/d/1JeWhHFwawBr3AvK1vZutN0cIMzt07yOV/view?usp=sharing
638,70 Template Pernikahan Paket 4 Elementor,https://drive.google.com/file/d/1BDvysCbjk-qSfekvMqhUB_iRuC6qJhSs/view?usp=sharing
639,100 Template Pernikahan Paket 5 Elementor,https://drive.google.com/file/d/1sM9rAQ-gxOkCYjcQEv893QhXAXAGeV2a/view?usp=sharing
640,100 Template Aqiqah Elementor,https://drive.google.com/file/d/16gHfyxv_UeTAcJcjcPLlmq3-SWqCH15H/view?usp=sharing
641,70 Template Wisuda Elementor,https://drive.google.com/file/d/1L_QXImsFekuPGfmCtV1VbtK1yMu_qEmA/view?usp=sharing
642,110 Template Pernikahan Canva,https://drive.google.com/file/d/1YyCcWeFxH2eGcSSAo52djHqbdkKq9RYs/view?usp=sharing
643,Template Qurban PPT & Elementor,https://drive.google.com/file/d/1UuFndslpclqZg0bwd-ng4Q1BEDNSqaxE/view?usp=sharing
644,Bright Luxury Instagram Stories,https://drive.google.com/file/d/1nODH3DqDkuXdsX9mS6FpLLAuu5V5XWFs/view?usp=sharing
645,50 Template Anniversary PPT,https://drive.google.com/file/d/1zeFtA709VzMkJlm14pnEKPCvKQRS-iGu/view?usp=sharing
646,131 Template Ramadhan Paket 2 PPT,https://drive.google.com/file/d/1dgIopaNyoELYXVJp_MQpL56_AvVxJ700/view?usp=sharing
647,300 Template Ramadhan Paket 3 PPT,https://drive.google.com/file/d/1r6hkIM873XVym6eeEFv7qfVREMI1tLtx/view?usp=sharing
648,40 Reel Covers,https://drive.google.com/file/d/1FbuG46OduPoEOpDoC0AUffgHN6gFnhsw/view?usp=sharing
649,150 Template Idul Fitri PPT,https://mega.nz/file/ZHlyUC5A#zJpNtpW727ffGzNLDFoOmb3wdg_a2Sq3Gq41xcaVQ30
650,Video & Ebook Belajar Membangun Leads,https://drive.google.com/file/d/1y5v1cvAWnW-x7-w0Dj9cehJkK7F75HHn/view?usp=sharing
651,Video Belajar Cara Rekaman,https://drive.google.com/file/d/1LEEMpkQZ6aQQ33Z9McnTKtvXM4iyouT1/view?usp=sharing
652,Video Belajar Strategi Online Marketing,https://drive.google.com/file/d/18QF-LsELAOVRnxaneDIP_7KljiXUVQCU/view?usp=sharing
653,Konten Edukasi dan Promosi,https://drive.google.com/file/d/1LLkn_BTmPyw5jXZS_jT7_D_5mlC9OKjO/view?usp=sharing
654,Video Belajar Kolam Prospek Telegram,https://drive.google.com/file/d/1vdFnjm96nHuecmjl15kmRebQn1riAQAO/view?usp=sharing
655,70 Template Qurban Paket 2 PPT,https://drive.google.com/file/d/1WTge4OC1mCeA6UscZ6wb5s9TKNlcV9si/view?usp=sharing
656,Konten Motivasi & Inspiratif,https://drive.google.com/file/d/1wHDX3CkFgXqn0hopLnCdJLpS4g3TQYkx/view?usp=sharing
657,331 Template Icon PPT,https://drive.google.com/file/d/16dyIfKXDIfZ_xYkYoCuFfv6o6rgBJXPD/view?usp=sharing
658,64 Template Logo PPT,https://drive.google.com/file/d/1kPLL8OBd1RpNmfOCI6E4dbaM3NZBDOUL/view?usp=sharing
659,105 Template Background PPT,https://drive.google.com/file/d/13U1LybBXg7E2-Wcp7BCp5R9I24dimkS2/view?usp=sharing
660,121 Template Banner PPT,https://drive.google.com/file/d/1LaVDiWvyqOo-WQIv1dcYGrxeio3_2x61/view?usp=sharing
661,05 Template Banner Berbagai Tema PPT,https://drive.google.com/file/d/1LaVDiWvyqOo-WQIv1dcYGrxeio3_2x61/view?usp=sharing
662,E-book Cara Berjualan di WhatsApp,https://drive.google.com/file/d/1qw_6vKflltaJPjmilw6fpPUVBv25Tx77/view?usp=sharing
663,50 Template Berbagai Niche Elementor,https://drive.google.com/file/d/1OQPjDaI1rUjCCQJ-GDn8AHajeJNMiTPR/view?usp=sharing
664,70 Template HUT RI Paket 2 PPT,https://drive.google.com/file/d/1nCCMpe04kxC-NPB7YkAVGGg_CME-eSFG/view?usp=sharing
665,70 Template HUT RI Paket 3 PPT,https://drive.google.com/file/d/10N8T-EoYm0XXt039tK3Sq_odq_zhzxDD/view?usp=sharing
666,500 Template Ramadhan Paket 4 PPT,https://drive.google.com/file/d/1WnDwZlSmJOCNg7GaSNY1sTWgdL9ExFXB/view?usp=sharing
667,Video Belajar List Building Mastery,https://drive.google.com/file/d/1UminWYq6vp85ZFppIVR1lIS5QNPKcdUM/view?usp=sharing
668,Template Personal Branding PPT,https://drive.google.com/file/d/1Fj_GYNTEQiCkeAK1xfCbA09VXYmUX9Mh/view?usp=sharing
669,Presentation & Infografis Template PPT,https://drive.google.com/file/d/1S8izExZd1ea9Wg6XtCUa0ZWzALeOFAYa/view?usp=drive_link
670,Mindfulness Social Media Bundle,https://drive.google.com/file/d/1ypnONIkv5v3Bf0bjXWCDsZZkUixn00wW/view?usp=sharing
671,Ebook Leads Generation,https://drive.google.com/file/d/1y3tfIxob02EOmRGj6VgizMLAZ4O-hn1I/view?usp=drive_link
672,Ebook Melipatgandakan Konversi Iklan Bisnis,https://drive.google.com/file/d/1hVfUWZsepxkIlgkjm1KuO0lawTJkyLbF/view?usp=drive_link
673,Membangun Lifestyle Bisnis,https://drive.google.com/file/d/1UGSblLn_4KZ7pvSKm1V458-MS_U4zHRy/view?usp=drive_link
674,Video Belajar Personal Branding,https://drive.google.com/file/d/1qdUunX76Do2NcGKNioHsZsAzEyifarwU/view?usp=drive_link
675,Video Belajar Cara Membuat Web,https://drive.google.com/file/d/1Qp1aSGGMryJ9FQ1jglwtzYJb0Xuz_SbD/view?usp=drive_link
676,Ebook Time Priority,https://drive.google.com/file/d/1idKJ7Xqptm_EwOGVeGHuTqqPDTTd2D2S/view?usp=drive_link
677,Kelas Business Mastery,https://drive.google.com/file/d/1MeYs0xusD-N0jIWusg992ANmN8MOr8Yi/view?usp=drive_link
678,Video Belajar Mini Offer Formula,https://drive.google.com/file/d/1A9rnEAu5lolFE-E1YYT9rXwiM9bwpV-y/view?usp=sharing
679,Ebook Social Media Marketing,https://drive.google.com/file/d/1ZzTGaQZziAQxo_hnwJItEPYi780ef3_x/view?usp=drive_link
680,Ebook Viral Marketing,https://drive.google.com/file/d/1ZzTGaQZziAQxo_hnwJItEPYi780ef3_x/view?usp=drive_link
681,Ebook Magic Hook,https://drive.google.com/file/d/1COaR5ha-lTdVIMPoLfHmEwIEC19Z2Ma5/view?usp=drive_link
682,Work From Home Busy Mom,https://drive.google.com/file/d/1YsuO8FWwUx-T7VoppBamfA442m93U8oj/view?usp=sharing
683,Template Promosi Inkscape,https://drive.google.com/file/d/165o7SWa5NXJqbTjQGizUn2fFjAD4ETm4/view?usp=sharing
684,Video Belajar Formation Hashtag Instagram,https://drive.google.com/file/d/12Q4LxLO6o_rK1WhI7h6CrWNsGEa6LHb5/view?usp=drive_link
685,Video Belajar Hashtag Instagram,https://drive.google.com/file/d/1e9wihCv226jz1llyjMdTmmXxKRkaperE/view?usp=drive_link
686,Video Belajar SEO Instagram,https://drive.google.com/file/d/1gSLEIL5452PoIXyvSSDh-Mb8EcYdef4-/view?usp=drive_link
687,Video Belajar Strategi Followers Instagram,https://drive.google.com/file/d/13eQxv6phHuk3VjuROVhrs7pMW11l3ze3/view?usp=drive_link
688,Video Belajar Strategy Instagram,https://drive.google.com/file/d/1Od51E4jyfI_609YXw2jdXF8AohgfOzEf/view?usp=drive_link
689,Tema WordPress TemaToko Insta,https://drive.google.com/file/d/1XQ_1KQePkbQmDM9-jJ8xIYo2UiDIg0v-/view?usp=drive_link
690,Tema WordPress TemaToko Food,https://drive.google.com/file/d/14-lp79h16gIUt5A1RJBGdDUb1FaIy6g5/view?usp=sharing
691,Tema WordPress TemaToko Tiktok,https://drive.google.com/file/d/1P6qed8MyA9VuPxmHgv-BaYLBzw6uaNGp/view?usp=sharing
692,Video Belajar Mahir Website,https://drive.google.com/file/d/1FGQJCYKDDqAYY9eBJ0wPZiH5K_TAFSXn/view?usp=sharing
693,Video Belajar Mahir Affiliate,https://drive.google.com/file/d/1AZx2GYR_EOsw9OhCM2rBs_wd4yBBJjqw/view?usp=sharing
694,Video Belajar Mahir Email,https://drive.google.com/file/d/1xZfpd-XXuKYQtFX_bW7BQA3BGBkIH8na/view?usp=sharing
695,Video Belajar Mahir Telegram,https://drive.google.com/file/d/1T61JdzBY1NHxL1EAxLAXEark2ZJE48dq/view?usp=sharing
696,Video Belajar Mahir WhatsApp,https://drive.google.com/file/d/1dys8bT3LOS6uRPD-oGXYRbJkzsaYpIyN/view?usp=sharing
697,Video Belajar Mahir Facebook,https://drive.google.com/file/d/1NYtTDCZgWJxfc0ndu-lmYsMRv_h3VmK1/view?usp=sharing
698,Video Belajar Mahir Membership,https://drive.google.com/file/d/1Ie7d-z7mSupv1-u3jeXBBMFFqvdkVviO/view?usp=sharing
699,Video Belajar Mahir Copywriting,https://drive.google.com/file/d/1V5q1EoFL_Rk1963zS9xl2FZlqX6h7QKo/view?usp=drive_link
700,Video Belajar Mahir Landing Page,https://drive.google.com/file/d/17DMDNYkQ_H0qyet3r2OjCI6vpFshcrD7/view?usp=drive_link
701,Video Belajar Mahir Lead Magnet,https://drive.google.com/file/d/1-C4eA4MsaYOmeTKfiQiYf7rWnpQAY7w-/view?usp=drive_link
702,Video Belajar Mahir Online Marketing,https://drive.google.com/file/d/1Zqup816hstrDAb-EamnYK7z3QqJGIGw1/view?usp=drive_link
703,Video Belajar Mahir FB Ads,https://drive.google.com/file/d/1GPX6IW4R_-FoO_6VWRdzmee-xgYh5Roc/view?usp=drive_link
704,Video Belajar Mahir Salespage,https://drive.google.com/file/d/1SYFTzhBscKi_vvUEpgGE_BHrEjDLJJ19/view?usp=drive_link
705,Video Belajar Mahir Desain Profit,https://drive.google.com/file/d/1nsHvtGkXOUtciPHyWCE_beaz82qi3xPF/view?usp=drive_link
706,Video Belajar Mahir Traffic,https://drive.google.com/file/d/1Q2UUusvstRDAE7v1cvTp3xTK-uqKlgSK/view?usp=drive_link
707,Video Belajar Mahir Branding,https://drive.google.com/file/d/1SPO4LIYxnqdTWO4h6_QshJXG55oxZAk2/view?usp=drive_link
708,30 Motivational Aesthetic Reels,https://drive.google.com/file/d/1KIpRJENJjFXVX8nIzzq2Km0cQ127hpL4/view?usp=sharing
709,Video Belajar Mahir Instan Leads,https://drive.google.com/file/d/1SVpw1Udq01HnxwQOvaWZhNiU3ZJ3J3Qv/view?usp=drive_link
710,Video Belajar Mahir Funnel,https://drive.google.com/file/d/1wAvyyH8SHL5VDQnYQ6rhKw_pzh0gKq6S/view?usp=drive_link
711,Video Belajar Mahir Email Profits,https://drive.google.com/file/d/1y-yrYl1hFDBbnUIOOIpzkT4bSxchazca/view?usp=drive_link
712,Template Konten Planner,https://drive.google.com/file/d/1efzgbojDiS6lEYTsB-kxrXaV-eSpuwci/view
713,6.000+ Faceless Aesthetic Video,https://drive.google.com/drive/u/0/folders/1hWAQsLJbbQ-FAr4Zxqt60qeI6Tz3yixO
714,100 Ide Produk Digital,https://drive.google.com/file/d/1u8spE1IuXvVA19Ms4mjLy6DzxTgh7Vsj/view
715,50 Template Video Ulang Tahun,https://drive.google.com/drive/u/0/folders/1xq8TkGMEY0qy_AyBJ0Y9S19vhtz1iLMk
716,50 Template Video Wisuda,https://drive.google.com/drive/u/0/folders/1xq8TkGMEY0qy_AyBJ0Y9S19vhtz1iLMk
717,30 Template Ucapan Ramadhan,https://drive.google.com/drive/folders/1RzK6Q9HAxvAWQPwO5x-Idt9d1D2jWgxM
718,40+ Template Video Animasi,https://drive.google.com/drive/u/0/folders/1GWXGOBHZpx8VXT0Hm9B3AE7N7qhfeRPd
719,20 Template Video Ucapan Lebaran 2025,https://drive.google.com/drive/u/0/folders/16BAJwIPQkt-6YUGFdz4MK8-e8yxFTX9P
720,50 ECourse Digital Marketing,https://drive.google.com/drive/u/0/folders/17prCtQGij_EGh_6sCjZvhlnvgOX_KijI
721,Video Editing Effect,https://drive.google.com/drive/folders/1H9kXxwun58nJjTHZ_6_WYvVknLiMP2KP
722,Ratusan Resume Template,https://drive.google.com/drive/folders/1OWwiaAS1naR-j3Vo1kKP2TCAHsPYc8JI
723,13 Ebook Super Premium,https://drive.google.com/drive/folders/1TRGviauAMVKY8TlEjjKsSFNbsn2MMlvB
724,13 Bundle Desain Percetakan Lengkap,https://drive.google.com/drive/folders/1_4Sv5M_4yl9N8QICsSJ2Ryc7dOKS54n1
725,200.000+ ChatGPT Prompts,https://drive.google.com/drive/folders/1-Uz2PCVLBGlzrdkUQjF02kIhlJp3hbsc